id,name,domain,website,industry,status,employees,revenue,description,logo_url,phone,linkedin_url,address,city,state,zip,country,electricity_supplier,annual_usage,current_rate,contract_end_date,service_addresses,ownerId,primaryContactId,createdAt,updatedAt,metadata,load_factor,latitude,longitude,intelligence_brief_headline,intelligence_brief_detail,intelligence_brief_opener,intelligence_brief_talk_track,intelligence_brief_signal_date,intelligence_brief_source_url,intelligence_brief_confidence_level,intelligence_brief_last_refreshed_at,intelligence_brief_status,intelligence_brief_reported_at
151f1e2e-6943-45f6-8f68-651edf878b5b,Forge,forgebeyond.com,forgebeyond.com,Machinery,active,350,75000000,"Forge USA is an internationally recognized steel forging company based in Houston, TX. Proud Partner of the Forged Components Family. With more than 50 years of experience and a long-standing commitment to product excellence and customer satisfaction, we provide superior forging services performed exclusively by our dedicated and knowledgeable in-house staff. Our foresight, innovation, and extensive experience are complemented by our ongoing investment in advancements in forging technology, guaranteeing that Forge USA's products are professionally made in an efficient and economical manner.",,+1 (307)-333-3851,https://www.linkedin.com/company/forge-beyond,"8881 Hempstead Road, Houston, TX 77008, United States",Houston,Texas,77008,United States,,,,,"[{""city"":""Houston"",""type"":""headquarters"",""state"":""Texas"",""address"":""8881 Hempstead Road, Houston, TX 77008, United States"",""country"":""United States"",""isPrimary"":true}]",l.patterson@nodalpoint.io,,2026-04-27T18:00:32.579324+00:00,2026-06-09T17:36:32.921829+00:00,"{""sqft"":"""",""meters"":[{""id"":""295032d9-4e91-4937-9ab4-572b769479a2"",""rate"":"""",""esiId"":"""",""address"":""8881 Hempstead Road, Houston, TX 77008, United States"",""endDate"":""""}],""country"":""United States"",""ownerId"":""l.patterson@nodalpoint.io"",""enriched"":false,""occupancy"":"""",""postal_code"":""77008"",""import_batch"":""2026-04-27T18:01:25.939Z"",""headcount_max"":350,""headcount_min"":350,""headcount_raw"":""350"",""import_source"":""bulk_import_contact"",""annual_revenue"":""75000000"",""headcount_label"":""350"",""headcount_source"":""bulk_import_contact"",""source_company_fields"":{""sic_code"":""3449"",""naics_code"":""3327"",""company_city"":""Houston"",""company_state"":""Texas"",""company_country"":""United States"",""company_phone_1"":""307.333.3851"",""company_industry"":""Machinery"",""company_location"":""8881 Hempstead Road, Houston, TX 77008, United States"",""company_post_code"":""77008"",""company_state_abbr"":""TX"",""company_description"":""Forge USA is an internationally recognized steel forging company based in Houston, TX. Proud Partner of the Forged Components Family. With more than 50 years of experience and a long-standing commitment to product excellence and customer satisfaction, we provide superior forging services performed exclusively by our dedicated and knowledgeable in-house staff. Our foresight, innovation, and extensive experience are complemented by our ongoing investment in advancements in forging technology, guaranteeing that Forge USA's products are professionally made in an efficient and economical manner."",""company_staff_count"":""350"",""company_founded_date"":""2001"",""company_name_cleaned"":""Forge"",""company_revenue_range"":""$50M - $100M"",""company_annual_revenue"":""75000000"",""company_li_profile_url"":""https://www.linkedin.com/company/forge-beyond"",""company_website_domain"":""forgebeyond.com"",""company_country_alpha_2"":""US"",""company_country_alpha_3"":""USA"",""company_country_numeric"":""840"",""company_staff_count_range"":""201 - 500 employees""}}",,,,,,,,,,,,idle,
877928dc-b9ac-4fb7-bbd4-89c0dbe1fcf5,Forza Transportation,forzatrans.com,forzatrans.com,Logistics & Supply Chain,active,350,75000000,"We specialize in providing Transportation Service between the Ucountries of Canada, Mexico and the United States facilitating industries like the Food Service, Automotive, and Mass Consumption among others to take place. We are best in Laredo to Shipping your Carrier Cross Border area. Our Laredo staff take care of your Shipping Carrier & help you with best customer service. Our sister company called Forza - Nafta Services S.A. de C.V. provides border crossings service with ten dedicated trucks. Carrier Shipping Service never been easier before in Laredo.",,+1 (956)-517-2341,https://www.linkedin.com/company/forza-transportation,"16360 Us Highway 83 North, Laredo, TX 78045, United States",Laredo,Texas,78045,United States,,,,,"[{""city"":""Laredo"",""type"":""headquarters"",""state"":""Texas"",""address"":""16360 Us Highway 83 North, Laredo, TX 78045, United States"",""country"":""United States"",""isPrimary"":true}]",l.patterson@nodalpoint.io,,2026-04-27T18:11:50.489081+00:00,2026-06-09T17:36:32.921829+00:00,"{""sqft"":"""",""meters"":[{""id"":""7d55cd20-59f5-4660-acc9-c6b6cc826717"",""rate"":"""",""esiId"":"""",""address"":""16360 Us Highway 83 North, Laredo, TX 78045, United States"",""endDate"":""""}],""country"":""United States"",""ownerId"":""l.patterson@nodalpoint.io"",""enriched"":false,""occupancy"":"""",""postal_code"":""78045"",""import_batch"":""2026-04-27T18:11:50.336Z"",""headcount_max"":350,""headcount_min"":350,""headcount_raw"":""350"",""import_source"":""bulk_import_contact"",""annual_revenue"":""75000000"",""headcount_label"":""350"",""headcount_source"":""bulk_import_contact"",""source_company_fields"":{""sic_code"":""4789"",""naics_code"":""336"",""company_city"":""Laredo"",""company_state"":""Texas"",""company_country"":""United States"",""company_phone_1"":""956.517.2341"",""company_industry"":""Logistics & Supply Chain"",""company_location"":""16360 Us Highway 83 North, Laredo, TX 78045, United States"",""company_post_code"":""78045"",""company_state_abbr"":""TX"",""company_description"":""We specialize in providing Transportation Service between the Ucountries of Canada, Mexico and the United States facilitating industries like the Food Service, Automotive, and Mass Consumption among others to take place. We are best in Laredo to Shipping your Carrier Cross Border area. Our Laredo staff take care of your Shipping Carrier & help you with best customer service.\nOur sister company called Forza - Nafta Services S.A. de C.V. provides border crossings service with ten dedicated trucks. Carrier Shipping Service never been easier before in Laredo."",""company_staff_count"":""350"",""company_founded_date"":""2014"",""company_name_cleaned"":""Forza Transportation"",""company_revenue_range"":""$50M - $100M"",""company_annual_revenue"":""75000000"",""company_li_profile_url"":""https://www.linkedin.com/company/forza-transportation"",""company_website_domain"":""forzatrans.com"",""company_country_alpha_2"":""US"",""company_country_alpha_3"":""USA"",""company_country_numeric"":""840"",""company_staff_count_range"":""201 - 500 employees""}}",,,,,,,,,,,,idle,
6ae84815-1cd2-448d-85c2-5e9745211f04,Freight Flex,freightflex.com,freightflex.com,Logistics & Supply Chain,active,125,2500000,"Freight Flex is an Independent Agent based brokerage that provides solutions for FTL, Expedited, Drayage, Transloading and Independent Agents across the US, Canada and Mexico.  At Freight Flex, we're not just another large transport platform. We're a close-knit family of mission-driven logistics pros, powered by our unwavering focus on cutting edge technology. We provide fast quoting, straight-forward prices and a network of trusted carriers across the company. We don't just move freight, we move your business. We simplify the supply chain with expert support for shippers and carriers.",,+1 (817)-668-0666,https://www.linkedin.com/company/freightflex,"1701 West Northwest Highway, Grapevine, TX 76051, United States",Grapevine,Texas,76051,United States,,,,,"[{""city"":""Grapevine"",""type"":""headquarters"",""state"":""Texas"",""address"":""1701 West Northwest Highway, Grapevine, TX 76051, United States"",""country"":""United States"",""isPrimary"":true}]",l.patterson@nodalpoint.io,,2026-04-27T18:13:41.210963+00:00,2026-06-09T17:36:32.921829+00:00,"{""sqft"":"""",""meters"":[{""id"":""e88228b7-6031-4f6e-9671-8607b54d6225"",""rate"":"""",""esiId"":"""",""address"":""1701 West Northwest Highway, Grapevine, TX 76051, United States"",""endDate"":""""}],""country"":""United States"",""ownerId"":""l.patterson@nodalpoint.io"",""enriched"":false,""occupancy"":"""",""postal_code"":""76051"",""import_batch"":""2026-04-27T18:19:04.569Z"",""headcount_max"":125,""headcount_min"":125,""headcount_raw"":""125"",""import_source"":""bulk_import_contact"",""annual_revenue"":""2500000"",""headcount_label"":""125"",""headcount_source"":""bulk_import_contact"",""source_company_fields"":{""sic_code"":""4731"",""naics_code"":""48"",""company_city"":""Grapevine"",""company_state"":""Texas"",""company_country"":""United States"",""company_phone_1"":""817.668.0666"",""company_industry"":""Logistics & Supply Chain"",""company_location"":""1701 West Northwest Highway, Grapevine, TX 76051, United States"",""company_post_code"":""76051"",""company_state_abbr"":""TX"",""company_description"":""Freight Flex is an Independent Agent based brokerage that provides solutions for FTL, Expedited, Drayage, Transloading and Independent Agents across the US, Canada and Mexico. \nAt Freight Flex, we're not just another large transport platform. We're a close-knit family of mission-driven logistics pros, powered by our unwavering focus on cutting edge technology. We provide fast quoting, straight-forward prices and a network of trusted carriers across the company. We don't just move freight, we move your business. We simplify the supply chain with expert support for shippers and carriers."",""company_staff_count"":""125"",""company_name_cleaned"":""Freight Flex"",""company_revenue_range"":""$1M - $5M"",""company_annual_revenue"":""2500000"",""company_li_profile_url"":""https://www.linkedin.com/company/freightflex"",""company_website_domain"":""freightflex.com"",""company_country_alpha_2"":""US"",""company_country_alpha_3"":""USA"",""company_country_numeric"":""840"",""company_staff_count_range"":""51 - 200 employees""}}",,,,,,,,,,,,idle,
f370cac3-2d71-4c97-afd2-e88079cd0448,Grupo FH,gfh.com.mx,gfh.com.mx,Logistics & Supply Chain,active,750,2500000,"With 100 years of experience and more than 2,000 employees, day by day we consolidate as a proudly Mexican company, dedicated to providing comprehensive and professional logistics and international trade services to satisfy the entire supply chain of our business partners in highly specialized niches.",,+1 (525)-544-0450,https://www.linkedin.com/company/grupo-fh,"4430 Trade Center Boulevard, Laredo, TX 78045, United States",Laredo,Texas,78045,United States,,,,,"[{""city"":""Laredo"",""type"":""headquarters"",""state"":""Texas"",""address"":""4430 Trade Center Boulevard, Laredo, TX 78045, United States"",""country"":""United States"",""isPrimary"":true}]",l.patterson@nodalpoint.io,,2026-04-27T18:05:09.9353+00:00,2026-06-09T17:36:32.921829+00:00,"{""sqft"":"""",""meters"":[{""id"":""023ff490-4b2d-462b-ab89-967b27e5cedd"",""rate"":"""",""esiId"":"""",""address"":""4430 Trade Center Boulevard, Laredo, TX 78045, United States"",""endDate"":""""}],""country"":""United States"",""ownerId"":""l.patterson@nodalpoint.io"",""enriched"":false,""occupancy"":"""",""postal_code"":""78045"",""import_batch"":""2026-04-27T18:05:09.622Z"",""headcount_max"":750,""headcount_min"":750,""headcount_raw"":""750"",""import_source"":""bulk_import_contact"",""annual_revenue"":""2500000"",""headcount_label"":""750"",""headcount_source"":""bulk_import_contact"",""source_company_fields"":{""sic_code"":""4731"",""naics_code"":""48"",""company_city"":""Laredo"",""company_state"":""Texas"",""company_country"":""United States"",""company_phone_1"":""+52.55.4404.5017"",""company_industry"":""Logistics & Supply Chain"",""company_location"":""4430 Trade Center Boulevard, Laredo, TX 78045, United States"",""company_post_code"":""78045"",""company_state_abbr"":""TX"",""company_description"":""With 100 years of experience and more than 2,000 employees, day by day we consolidate as a proudly Mexican company, dedicated to providing comprehensive and professional logistics and international trade services to satisfy the entire supply chain of our business partners in highly specialized niches."",""company_staff_count"":""750"",""company_founded_date"":""1922"",""company_name_cleaned"":""Grupo FH"",""company_revenue_range"":""$1M - $5M"",""company_annual_revenue"":""2500000"",""company_li_profile_url"":""https://www.linkedin.com/company/grupo-fh"",""company_website_domain"":""gfh.com.mx"",""company_country_alpha_2"":""US"",""company_country_alpha_3"":""USA"",""company_country_numeric"":""840"",""company_staff_count_range"":""501 - 1,000 employees""}}",,,,,,,,,,,,idle,
432bb7ed-5349-40b7-b5ec-d0042e6bb1bc,Gulf Coast Flooring & Services,gulfcoastflooring.net,gulfcoastflooring.net,Building Materials,active,125,17000000,"Gulf Coast Flooring & Services stands for excellence in service, workmanship, and character. We provide this through the knowledge and experience that can only be attained through the unwavering dedication to be the best at what we do. Execution matters most, and Gulf Coast Flooring & Services delivers. Since 1984, Gulf Coast Flooring & Services has been at the forefront of flooring solutions with high-performance results. It’s our dedication to quality, safety, efficiency, and effectiveness that sets us apart from the rest, we'll get you across the finish line. Our humble beginnings in the residential flooring market have blossomed into becoming a premiere commercial flooring, paint, and concrete subcontractor, serving the Multi-Family, K-12, Healthcare, Government, and Commercial markets.",,+1 (713)-666-9704,https://www.linkedin.com/company/gulf-coast-flooring-&-services,"9703 Plainfield Street, Houston, TX 77036, United States",Houston,Texas,77036,United States,,,,,"[{""city"":""Houston"",""type"":""headquarters"",""state"":""Texas"",""address"":""9703 Plainfield Street, Houston, TX 77036, United States"",""country"":""United States"",""isPrimary"":true}]",l.patterson@nodalpoint.io,,2026-04-27T18:11:46.762678+00:00,2026-06-09T17:36:32.921829+00:00,"{""sqft"":"""",""meters"":[{""id"":""da42aeae-3fdd-4d47-9a8f-3dd9cdd85ee3"",""rate"":"""",""esiId"":"""",""address"":""9703 Plainfield Street, Houston, TX 77036, United States"",""endDate"":""""}],""country"":""United States"",""ownerId"":""l.patterson@nodalpoint.io"",""enriched"":false,""occupancy"":"""",""postal_code"":""77036"",""import_batch"":""2026-04-27T18:23:03.695Z"",""headcount_max"":125,""headcount_min"":125,""headcount_raw"":""125"",""import_source"":""bulk_import_contact"",""annual_revenue"":""17000000"",""headcount_label"":""125"",""headcount_source"":""bulk_import_contact"",""source_company_fields"":{""sic_code"":""5713"",""naics_code"":""453"",""company_city"":""Houston"",""company_state"":""Texas"",""company_country"":""United States"",""company_phone_1"":""713.666.9704"",""company_industry"":""Building Materials"",""company_location"":""9703 Plainfield Street, Houston, TX 77036, United States"",""company_post_code"":""77036"",""company_state_abbr"":""TX"",""company_description"":""Gulf Coast Flooring & Services stands for excellence in service, workmanship, and character. We provide this through the knowledge and experience that can only be attained through the unwavering dedication to be the best at what we do.\nExecution matters most, and Gulf Coast Flooring & Services delivers.\nSince 1984, Gulf Coast Flooring & Services has been at the forefront of flooring solutions with high-performance results. It’s our dedication to quality, safety, efficiency, and effectiveness that sets us apart from the rest, we'll get you across the finish line.\nOur humble beginnings in the residential flooring market have blossomed into becoming a premiere commercial flooring, paint, and concrete subcontractor, serving the Multi-Family, K-12, Healthcare, Government, and Commercial markets."",""company_staff_count"":""125"",""company_founded_date"":""1984"",""company_name_cleaned"":""Gulf Coast Flooring & Services"",""company_revenue_range"":""$5M - $20M"",""company_annual_revenue"":""17000000"",""company_li_profile_url"":""https://www.linkedin.com/company/gulf-coast-flooring-&-services"",""company_website_domain"":""gulfcoastflooring.net"",""company_country_alpha_2"":""US"",""company_country_alpha_3"":""USA"",""company_country_numeric"":""840"",""company_staff_count_range"":""51 - 200 employees""}}",,,,,,,,,,,,idle,
edffcc57-d8a1-416e-8d18-332a5162d245,Hatfield and Company Inc.,hatfieldandcompany.com,hatfieldandcompany.com,Industrial Automation,active,125,17000000,"Hatfield and Company is a distributor and manufacturer’s representative of leading technical products and solutions that help our customers improve efficiency and quality, and save money. We specialize in solutions for filtration, instrumentation, valves, safety, and other piping related products. We consider our customers to be our partners and we are committed to being fair, ethical, and honest... every time.",,+1 (800)-879-9191,https://www.linkedin.com/company/hatfield-and-company-inc,"2475 Discovery Boulevard, Rockwall, TX 75032, United States",Rockwall,Texas,75032,United States,,,,,"[{""city"":""Rockwall"",""type"":""headquarters"",""state"":""Texas"",""address"":""2475 Discovery Boulevard, Rockwall, TX 75032, United States"",""country"":""United States"",""isPrimary"":true}]",l.patterson@nodalpoint.io,,2026-04-27T18:01:26.110098+00:00,2026-06-09T17:36:32.921829+00:00,"{""sqft"":"""",""meters"":[{""id"":""bb3d81ec-a448-462e-9e93-d97d548579fd"",""rate"":"""",""esiId"":"""",""address"":""2475 Discovery Boulevard, Rockwall, TX 75032, United States"",""endDate"":""""}],""country"":""United States"",""ownerId"":""l.patterson@nodalpoint.io"",""enriched"":false,""occupancy"":"""",""postal_code"":""75032"",""import_batch"":""2026-04-27T18:25:20.099Z"",""headcount_max"":125,""headcount_min"":125,""headcount_raw"":""125"",""import_source"":""bulk_import_contact"",""annual_revenue"":""17000000"",""headcount_label"":""125"",""headcount_source"":""bulk_import_contact"",""source_company_fields"":{""sic_code"":""5084"",""naics_code"":""486"",""company_city"":""Rockwall"",""company_state"":""Texas"",""company_country"":""United States"",""company_phone_1"":""800.879.9191"",""company_industry"":""Industrial Automation"",""company_location"":""2475 Discovery Boulevard, Rockwall, TX 75032, United States"",""company_post_code"":""75032"",""company_state_abbr"":""TX"",""company_description"":""Hatfield and Company is a distributor and manufacturer’s representative of leading technical products and solutions that help our customers improve efficiency and quality, and save money. We specialize in solutions for filtration, instrumentation, valves, safety, and other piping related products. We consider our customers to be our partners and we are committed to being fair, ethical, and honest... every time."",""company_staff_count"":""125"",""company_founded_date"":""1959"",""company_name_cleaned"":""Hatfield and Company Inc."",""company_revenue_range"":""$5M - $20M"",""company_annual_revenue"":""17000000"",""company_li_profile_url"":""https://www.linkedin.com/company/hatfield-and-company-inc"",""company_website_domain"":""hatfieldandcompany.com"",""company_country_alpha_2"":""US"",""company_country_alpha_3"":""USA"",""company_country_numeric"":""840"",""company_staff_count_range"":""51 - 200 employees""}}",,32.908641,-96.424351,Hatfield and Company Inc. Operating as a Third-Generation Industrial Distributor,"Hatfield and Company Inc. continues to operate as a major distributor and manufacturer’s representative for industrial automation and filtration products from its headquarters in Rockwall, Texas. As a third-generation company with over 40 years of history, the firm manages a complex supply chain and technical distribution network across the region. Their operations involve significant logistical and facility-based energy requirements to support their filtration, valve, and instrumentation solutions.",,"I noticed an update about Hatfield and Company Inc. online. A new leader usually means the power setup gets a fresh look, or should. Has the new leader had a chance to review the electricity side yet, or is it still on the list?",2025-12-18,https://www.allbiz.com/business/hatfield-and-company-inc_9r-972-285-0115,Medium,2026-04-30T19:09:59.268+00:00,ready,2025-12-18
c7427cd2-6ba0-49f9-b89c-f841928e6c56,Hensley Industries,hensleyind.com,hensleyind.com,Machinery,active,350,75000000,"For over 75 years Hensley Industries has been an innovator in the design and creation of ground engaging tools (G.E.T.) and attachments. If you are in the business of excavation, reclamation, mining, trenching, or any other earth-moving enterprise, chances are Hensley has product to fit your application. Innovative design and advanced metallurgy are not the only things that have made Hensley a world leader in G.E.T.. Customer service before and after the sale make Hensley’s reputation stand out even more in an ever growing sea of competitors. From humble beginnings in California in 1947 to moving to Texas in 1964, Hensley has grown dramatically. Hensley has a foundry and manufacturing facility in the U.S., a foundry in China and a global dealer network to better serve the needs of our customers in whatever market they may be. On December 8, 2000, Komatsu Ltd. purchased the Hensley group of companies ending a twenty year period of ownership by the Galveston-Houston Company. Since becoming a part of Komatsu Ltd., Hensley has experienced major growth to its construction and mining product lines. As we continue to grow, we will continue to earn our reputation for providing the best service and the most outstanding quality in the worldwide marketplace.",,+1 (972)-241-2321,https://www.linkedin.com/company/hensley-industries,"2108 Joe Field Road, Dallas, TX 75229, United States",Dallas,Texas,75229,United States,,,,,"[{""city"":""Dallas"",""type"":""headquarters"",""state"":""Texas"",""address"":""2108 Joe Field Road, Dallas, TX 75229, United States"",""country"":""United States"",""isPrimary"":true}]",l.patterson@nodalpoint.io,,2026-04-27T18:06:30.882018+00:00,2026-06-09T17:36:32.921829+00:00,"{""sqft"":"""",""meters"":[{""id"":""77a58788-2905-46e2-87f0-25ba5703f033"",""rate"":"""",""esiId"":"""",""address"":""2108 Joe Field Road, Dallas, TX 75229, United States"",""endDate"":""""}],""country"":""United States"",""ownerId"":""l.patterson@nodalpoint.io"",""enriched"":false,""occupancy"":"""",""postal_code"":""75229"",""import_batch"":""2026-04-27T18:06:30.762Z"",""headcount_max"":350,""headcount_min"":350,""headcount_raw"":""350"",""import_source"":""bulk_import_contact"",""annual_revenue"":""75000000"",""headcount_label"":""350"",""headcount_source"":""bulk_import_contact"",""source_company_fields"":{""sic_code"":""3531"",""naics_code"":""8112"",""company_city"":""Dallas"",""company_state"":""Texas"",""company_country"":""United States"",""company_phone_1"":""972.241.2321"",""company_industry"":""Machinery"",""company_location"":""2108 Joe Field Road, Dallas, TX 75229, United States"",""company_post_code"":""75229"",""company_state_abbr"":""TX"",""company_description"":""For over 75 years Hensley Industries has been an innovator in the design and creation of ground engaging tools (G.E.T.) and attachments. If you are in the business of excavation, reclamation, mining, trenching, or any other earth-moving enterprise, chances are Hensley has product to fit your application. Innovative design and advanced metallurgy are not the only things that have made Hensley a world leader in G.E.T.. Customer service before and after the sale make Hensley’s reputation stand out even more in an ever growing sea of competitors. From humble beginnings in California in 1947 to moving to Texas in 1964, Hensley has grown dramatically. Hensley has a foundry and manufacturing facility in the U.S., a foundry in China and a global dealer network to better serve the needs of our customers in whatever market they may be.\nOn December 8, 2000, Komatsu Ltd. purchased the Hensley group of companies ending a twenty year period of ownership by the Galveston-Houston Company. Since becoming a part of Komatsu Ltd., Hensley has experienced major growth to its construction and mining product lines. As we continue to grow, we will continue to earn our reputation for providing the best service and the most outstanding quality in the worldwide marketplace."",""company_staff_count"":""350"",""company_founded_date"":""1947"",""company_name_cleaned"":""Hensley Industries"",""company_revenue_range"":""$50M - $100M"",""company_annual_revenue"":""75000000"",""company_li_profile_url"":""https://www.linkedin.com/company/hensley-industries"",""company_website_domain"":""hensleyind.com"",""company_country_alpha_2"":""US"",""company_country_alpha_3"":""USA"",""company_country_numeric"":""840"",""company_staff_count_range"":""201 - 500 employees""}}",,,,,,,,,,,,idle,
2b3ef61c-c5c0-4965-887f-9aea79d32d92,Hoover CS,hooversolutions.com,hooversolutions.com,Machinery,active,350,300000000,"Hoover CS is paving the way for companies across the chemical, refining and general industrial-end markets to move away from single-use containers. Through its large rental fleet of reusable IBCs, ISO tanks, and Catalyst Bins, combined with integrity management and fleet management services, Hoover CS’s sustainable chemical and catalyst packaging solutions facilitate circularity across the supply chain, yielding an optimized environmental footprint through reduced plastic, water conservation, and lower greenhouse gas emissions.",,+1 (800)-844-8683,https://www.linkedin.com/company/hoovercs,"24285 Fwy Ste 200, Katy, TX 77494, United States",Katy,Texas,77494,United States,,,,,"[{""city"":""Katy"",""type"":""headquarters"",""state"":""Texas"",""address"":""24285 Fwy Ste 200, Katy, TX 77494, United States"",""country"":""United States"",""isPrimary"":true}]",l.patterson@nodalpoint.io,,2026-04-27T18:27:19.49849+00:00,2026-06-09T17:36:32.921829+00:00,"{""sqft"":"""",""meters"":[{""id"":""ffdaf0ff-56a3-4da8-a482-dab7a8135ac2"",""rate"":"""",""esiId"":"""",""address"":""24285 Fwy Ste 200, Katy, TX 77494, United States"",""endDate"":""""}],""country"":""United States"",""ownerId"":""l.patterson@nodalpoint.io"",""enriched"":false,""occupancy"":"""",""postal_code"":""77494"",""import_batch"":""2026-04-27T18:27:18.832Z"",""headcount_max"":350,""headcount_min"":350,""headcount_raw"":""350"",""import_source"":""bulk_import_contact"",""annual_revenue"":""300000000"",""headcount_label"":""350"",""headcount_source"":""bulk_import_contact"",""source_company_fields"":{""sic_code"":""7389"",""naics_code"":""3117"",""company_city"":""Katy"",""company_state"":""Texas"",""company_country"":""United States"",""company_phone_1"":""800.844.8683"",""company_industry"":""Machinery"",""company_location"":""24285 Fwy Ste 200, Katy, TX 77494, United States"",""company_post_code"":""77494"",""company_state_abbr"":""TX"",""company_description"":""Hoover CS is paving the way for companies across the chemical, refining and general industrial-end markets to move away from single-use containers. Through its large rental fleet of reusable IBCs, ISO tanks, and Catalyst Bins, combined with integrity management and fleet management services, Hoover CS’s sustainable chemical and catalyst packaging solutions facilitate circularity across the supply chain, yielding an optimized environmental footprint through reduced plastic, water conservation, and lower greenhouse gas emissions."",""company_staff_count"":""350"",""company_founded_date"":""1976"",""company_name_cleaned"":""Hoover CS"",""company_revenue_range"":""$100M - $500M"",""company_annual_revenue"":""300000000"",""company_li_profile_url"":""https://www.linkedin.com/company/hoovercs"",""company_website_domain"":""hooversolutions.com"",""company_country_alpha_2"":""US"",""company_country_alpha_3"":""USA"",""company_country_numeric"":""840"",""company_staff_count_range"":""201 - 500 employees""}}",,,,,,,,,,,,idle,
c2fa465e-e460-43ac-96fa-4518d7f4630d,IFS Powder Coatings Inc.,ifscoatings.com,ifscoatings.com,Chemicals,active,125,300000000,"Our mission is to deliver unparalleled service and products to the industry while providing the environmentally responsible choice.  IFS Coatings was founded in 1999 and since then has become the largest privately owned powder coating manufacturer in the U.S.   Service is at the heart of what we do – offering flexibility in batch sizes, industry leading turnaround times and color customization as standard.  Everyone contributes to our success story, from our world class customer service team to our inspirational R&D department and our hard working production crew to our sensational sales team;  we are driven to make an amazing company even better. We believe we have the best, most talented, hardworking and committed employees in the business and it shows in our results; we make it look easy.    We have two state of the art facilities, centrally located to ensure rapid delivery across the USA and beyond. Our Gainesville plant is capable of producing both large and small orders quickly and with the highest degree of quality and consistency. Our second manufacturing site produces first class powders to meet tough specifications in high volumes.",,+1 (940)-612-0402,https://www.linkedin.com/company/ifs-coatings-inc-,"3601 Interstate 35, Gainesville, TX 76240, United States",Gainesville,Texas,76240,United States,,,,,"[{""city"":""Gainesville"",""type"":""headquarters"",""state"":""Texas"",""address"":""3601 Interstate 35, Gainesville, TX 76240, United States"",""country"":""United States"",""isPrimary"":true}]",l.patterson@nodalpoint.io,,2026-04-27T18:06:03.16564+00:00,2026-06-09T17:36:32.921829+00:00,"{""sqft"":"""",""meters"":[{""id"":""6b672023-6ba0-4b2f-ac08-6fc57f86131f"",""rate"":"""",""esiId"":"""",""address"":""3601 Interstate 35, Gainesville, TX 76240, United States"",""endDate"":""""}],""country"":""United States"",""ownerId"":""l.patterson@nodalpoint.io"",""enriched"":false,""occupancy"":"""",""postal_code"":""76240"",""import_batch"":""2026-04-27T18:25:31.526Z"",""headcount_max"":125,""headcount_min"":125,""headcount_raw"":""125"",""import_source"":""bulk_import_contact"",""annual_revenue"":""300000000"",""headcount_label"":""125"",""headcount_source"":""bulk_import_contact"",""source_company_fields"":{""sic_code"":""2851"",""naics_code"":""23"",""company_city"":""Gainesville"",""company_state"":""Texas"",""company_country"":""United States"",""company_phone_1"":""940.612.0402"",""company_industry"":""Chemicals"",""company_location"":""3601 Interstate 35, Gainesville, TX 76240, United States"",""company_post_code"":""76240"",""company_state_abbr"":""TX"",""company_description"":""Our mission is to deliver unparalleled service and products to the industry while providing the environmentally responsible choice.\r\n\r\nIFS Coatings was founded in 1999 and since then has become the largest privately owned powder coating manufacturer in the U.S.   Service is at the heart of what we do – offering flexibility in batch sizes, industry leading turnaround times and color customization as standard.  Everyone contributes to our success story, from our world class customer service team to our inspirational R&D department and our hard working production crew to our sensational sales team;  we are driven to make an amazing company even better. We believe we have the best, most talented, hardworking and committed employees in the business and it shows in our results; we make it look easy.  \r\n\r\nWe have two state of the art facilities, centrally located to ensure rapid delivery across the USA and beyond. Our Gainesville plant is capable of producing both large and small orders quickly and with the highest degree of quality and consistency. Our second manufacturing site produces first class powders to meet tough specifications in high volumes."",""company_staff_count"":""125"",""company_founded_date"":""1999"",""company_name_cleaned"":""IFS Powder Coatings Inc."",""company_revenue_range"":""$100M - $500M"",""company_annual_revenue"":""300000000"",""company_li_profile_url"":""https://www.linkedin.com/company/ifs-coatings-inc-"",""company_website_domain"":""ifscoatings.com"",""company_country_alpha_2"":""US"",""company_country_alpha_3"":""USA"",""company_country_numeric"":""840"",""company_staff_count_range"":""51 - 200 employees""}}",,,,,,,,,,,,idle,
b08c0596-7b8b-42c0-b10b-028d300c9b9b,Integris Lighting,integrissolutions.com,integrissolutions.com,Building Materials,active,125,17000000,"INTEGRIS Lighting is a Lighting supplier to Multi-family Developers, Hospitality and Sr. Assisted Living New Construction Projects.  We optimize quality, pricing and delivery options specific to each projects' unique lighting requirements.  Our intention and execution of our undeniably efficient delivery services to the job-site has proven to be a winning combination.  We have many incredible customer testimonials about our levels of service, our attention to details and we are known for thinking like the customer. INTEGRIS offers a culture of empowerment, diversity and community.  We care passionately about all people, this is reflected in our customers, suppliers and with each other.",,+1 (972)-401-4727,https://www.linkedin.com/company/integris-solutions,"11494 Luna Road, Dallas, TX 75234, United States",Dallas,Texas,75234,United States,,,,,"[{""city"":""Dallas"",""type"":""headquarters"",""state"":""Texas"",""address"":""11494 Luna Road, Dallas, TX 75234, United States"",""country"":""United States"",""isPrimary"":true}]",l.patterson@nodalpoint.io,,2026-04-27T18:06:01.221138+00:00,2026-06-09T17:36:32.921829+00:00,"{""sqft"":"""",""meters"":[{""id"":""20ea2660-eec0-4ebe-9b54-28148fe655a6"",""rate"":"""",""esiId"":"""",""address"":""11494 Luna Road, Dallas, TX 75234, United States"",""endDate"":""""}],""country"":""United States"",""ownerId"":""l.patterson@nodalpoint.io"",""enriched"":false,""occupancy"":"""",""postal_code"":""75234"",""import_batch"":""2026-04-27T18:24:10.418Z"",""headcount_max"":125,""headcount_min"":125,""headcount_raw"":""125"",""import_source"":""bulk_import_contact"",""annual_revenue"":""17000000"",""headcount_label"":""125"",""headcount_source"":""bulk_import_contact"",""source_company_fields"":{""sic_code"":""9999"",""naics_code"":""7211"",""company_city"":""Dallas"",""company_state"":""Texas"",""company_country"":""United States"",""company_phone_1"":""972.401.4727"",""company_industry"":""Building Materials"",""company_location"":""11494 Luna Road, Dallas, TX 75234, United States"",""company_post_code"":""75234"",""company_state_abbr"":""TX"",""company_description"":""INTEGRIS Lighting is a Lighting supplier to Multi-family Developers, Hospitality and Sr. Assisted Living New Construction Projects.  We optimize quality, pricing and delivery options specific to each projects' unique lighting requirements.  Our intention and execution of our undeniably efficient delivery services to the job-site has proven to be a winning combination.  We have many incredible customer testimonials about our levels of service, our attention to details and we are known for thinking like the customer.\nINTEGRIS offers a culture of empowerment, diversity and community.  We care passionately about all people, this is reflected in our customers, suppliers and with each other."",""company_staff_count"":""125"",""company_founded_date"":""2014"",""company_name_cleaned"":""Integris Lighting"",""company_revenue_range"":""$5M - $20M"",""company_annual_revenue"":""17000000"",""company_li_profile_url"":""https://www.linkedin.com/company/integris-solutions"",""company_website_domain"":""integrissolutions.com"",""company_country_alpha_2"":""US"",""company_country_alpha_3"":""USA"",""company_country_numeric"":""840"",""company_staff_count_range"":""51 - 200 employees""}}",,,,,,,,,,,,idle,
037b8f0f-1a6f-4c49-a2c5-d8ee9aa9aa13,Intuitive Health,iheruc.com,iheruc.com,Hospital & Health Care,active,125,75000000,"We are the pioneers of the combined emergency room and urgent care experience. We began in 2008 and now serve over 500k patients annually as a joint-venture partner with health systems coast to coast. Health systems across the country continue to partner with Intuitive Health because of our proven retail model and implementation expertise. Intuitive Health is now partnered with 16 hospital systems nationwide with 29 combined ER and Urgent Care facilities open across the country, with even more opening in 2024 and beyond. We bring a globally recognized customer service model to health systems that want to exceed expectations in their communities and grow market share with the only dual model full-service Emergency Room and Urgent Care offering the right care, at the right price, close to home.",,+1 (469)-399-5000,https://www.linkedin.com/company/intuitivehealth,"5700 Granite Parkway, Plano, TX 75024, United States",Plano,Texas,75024,United States,,,,,"[{""city"":""Plano"",""type"":""headquarters"",""state"":""Texas"",""address"":""5700 Granite Parkway, Plano, TX 75024, United States"",""country"":""United States"",""isPrimary"":true}]",l.patterson@nodalpoint.io,,2026-04-27T18:06:23.383786+00:00,2026-06-09T17:36:32.921829+00:00,"{""sqft"":"""",""meters"":[{""id"":""8e58d161-5982-490d-a2aa-006ed796b8fd"",""rate"":"""",""esiId"":"""",""address"":""5700 Granite Parkway, Plano, TX 75024, United States"",""endDate"":""""}],""country"":""United States"",""ownerId"":""l.patterson@nodalpoint.io"",""enriched"":false,""occupancy"":"""",""postal_code"":""75024"",""import_batch"":""2026-04-27T18:26:19.503Z"",""headcount_max"":125,""headcount_min"":125,""headcount_raw"":""125"",""import_source"":""bulk_import_contact"",""annual_revenue"":""75000000"",""headcount_label"":""125"",""headcount_source"":""bulk_import_contact"",""source_company_fields"":{""sic_code"":""8099"",""naics_code"":""62"",""company_city"":""Plano"",""company_state"":""Texas"",""company_country"":""United States"",""company_phone_1"":""469.399.5000"",""company_industry"":""Hospital & Health Care"",""company_location"":""5700 Granite Parkway, Plano, TX 75024, United States"",""company_post_code"":""75024"",""company_state_abbr"":""TX"",""company_description"":""We are the pioneers of the combined emergency room and urgent care experience. We began in 2008 and now serve over 500k patients annually as a joint-venture partner with health systems coast to coast. Health systems across the country continue to partner with Intuitive Health because of our proven retail model and implementation expertise. Intuitive Health is now partnered with 16 hospital systems nationwide with 29 combined ER and Urgent Care facilities open across the country, with even more opening in 2024 and beyond. We bring a globally recognized customer service model to health systems that want to exceed expectations in their communities and grow market share with the only dual model full-service Emergency Room and Urgent Care offering the right care, at the right price, close to home."",""company_staff_count"":""125"",""company_founded_date"":""2017"",""company_name_cleaned"":""Intuitive Health"",""company_revenue_range"":""$50M - $100M"",""company_annual_revenue"":""75000000"",""company_li_profile_url"":""https://www.linkedin.com/company/intuitivehealth"",""company_website_domain"":""iheruc.com"",""company_country_alpha_2"":""US"",""company_country_alpha_3"":""USA"",""company_country_numeric"":""840"",""company_staff_count_range"":""51 - 200 employees""}}",,,,,,,,,,,,idle,
9343546b-1ba0-4c8b-930c-32d108634d76,Iscar Metals,iscarmetals.com,iscarmetals.com,Machinery,active,750,300000000,Iscar Metals,,+1 (817)-258-3200,https://www.linkedin.com/company/iscar-metals,"300 Westway Place, Arlington, TX 76018, United States",Arlington,Texas,76018,United States,,,,,"[{""city"":""Arlington"",""type"":""headquarters"",""state"":""Texas"",""address"":""300 Westway Place, Arlington, TX 76018, United States"",""country"":""United States"",""isPrimary"":true}]",l.patterson@nodalpoint.io,,2026-04-27T18:20:00.258588+00:00,2026-06-09T17:36:32.921829+00:00,"{""sqft"":"""",""meters"":[{""id"":""7b3c8972-4dae-4e80-b98b-96f5d9aa7a4e"",""rate"":"""",""esiId"":"""",""address"":""300 Westway Place, Arlington, TX 76018, United States"",""endDate"":""""}],""country"":""United States"",""ownerId"":""l.patterson@nodalpoint.io"",""enriched"":false,""occupancy"":"""",""postal_code"":""76018"",""import_batch"":""2026-04-27T18:19:59.748Z"",""headcount_max"":750,""headcount_min"":750,""headcount_raw"":""750"",""import_source"":""bulk_import_contact"",""annual_revenue"":""300000000"",""headcount_label"":""750"",""headcount_source"":""bulk_import_contact"",""source_company_fields"":{""sic_code"":""5084"",""naics_code"":""3332"",""company_city"":""Arlington"",""company_state"":""Texas"",""company_country"":""United States"",""company_phone_1"":""817.258.3200"",""company_industry"":""Machinery"",""company_location"":""300 Westway Place, Arlington, TX 76018, United States"",""company_post_code"":""76018"",""company_state_abbr"":""TX"",""company_description"":""Iscar Metals"",""company_staff_count"":""750"",""company_founded_date"":""1952"",""company_name_cleaned"":""Iscar Metals"",""company_revenue_range"":""$100M - $500M"",""company_annual_revenue"":""300000000"",""company_li_profile_url"":""https://www.linkedin.com/company/iscar-metals"",""company_website_domain"":""iscarmetals.com"",""company_country_alpha_2"":""US"",""company_country_alpha_3"":""USA"",""company_country_numeric"":""840"",""company_staff_count_range"":""501 - 1,000 employees""}}",,,,,,,,,,,,idle,
e455a0c8-9760-4c49-960e-67914daa19e1,Johnson Equipment Company,jequip.com,jequip.com,Mechanical or Industrial Engineering,active,125,75000000,"Since 1959, Johnson Equipment Company has provided the safest, most reliable dock and door products available on the market. These products combined with the most professional sales representatives and service technicians have led us to the enviable position of the largest independent loading dock, industrial door, and in plant lift specialist in the United States",,+1 (972)-661-9822,https://www.linkedin.com/company/johnson-equipment-company,"4674 Olin Road, Dallas, TX 75244, United States",Dallas,Texas,75244,United States,,,,,"[{""city"":""Dallas"",""type"":""headquarters"",""state"":""Texas"",""address"":""4674 Olin Road, Dallas, TX 75244, United States"",""country"":""United States"",""isPrimary"":true}]",l.patterson@nodalpoint.io,,2026-04-27T18:01:35.132287+00:00,2026-06-09T17:36:32.921829+00:00,"{""sqft"":"""",""meters"":[{""id"":""3f41d32e-25f5-4deb-9bce-f13f3394a6ef"",""rate"":"""",""esiId"":"""",""address"":""4674 Olin Road, Dallas, TX 75244, United States"",""endDate"":""""}],""country"":""United States"",""ownerId"":""l.patterson@nodalpoint.io"",""enriched"":false,""occupancy"":"""",""postal_code"":""75244"",""import_batch"":""2026-04-27T18:20:17.191Z"",""headcount_max"":125,""headcount_min"":125,""headcount_raw"":""125"",""import_source"":""bulk_import_contact"",""annual_revenue"":""75000000"",""headcount_label"":""125"",""headcount_source"":""bulk_import_contact"",""source_company_fields"":{""sic_code"":""5084"",""naics_code"":""5322"",""company_city"":""Dallas"",""company_state"":""Texas"",""company_country"":""United States"",""company_phone_1"":""972.661.9822"",""company_industry"":""Mechanical or Industrial Engineering"",""company_location"":""4674 Olin Road, Dallas, TX 75244, United States"",""company_post_code"":""75244"",""company_state_abbr"":""TX"",""company_description"":""Since 1959, Johnson Equipment Company has provided the safest, most reliable dock and door products available on the market. These products combined with the most professional sales representatives and service technicians have led us to the enviable position of the largest independent loading dock, industrial door, and in plant lift specialist in the United States"",""company_staff_count"":""125"",""company_founded_date"":""1959"",""company_name_cleaned"":""Johnson Equipment Company"",""company_revenue_range"":""$50M - $100M"",""company_annual_revenue"":""75000000"",""company_li_profile_url"":""https://www.linkedin.com/company/johnson-equipment-company"",""company_website_domain"":""jequip.com"",""company_country_alpha_2"":""US"",""company_country_alpha_3"":""USA"",""company_country_numeric"":""840"",""company_staff_count_range"":""51 - 200 employees""}}",,,,,,,,,,,,idle,
3df6186c-73ba-46cc-8a9b-258ef0cdee8e,JSX,jsx.com,jsx.com,Airlines & Aviation,active,750,2500000,"From now on, this is how you fly. See you at the hangar.",https://zenprospect-production.s3.amazonaws.com/uploads/pictures/69a5299a1012b100017dc81e/picture,+1 (866)-779-7770,https://www.linkedin.com/company/jsx,"1341 W Mockingbird Ln Suite 600e, Dallas, TX 75247, United States",Dallas,Texas,75247,United States,,,,,"[{""city"":""Dallas"",""type"":""headquarters"",""state"":""Texas"",""address"":""1341 W Mockingbird Ln Suite 600e, Dallas, TX 75247, United States"",""country"":""United States"",""isPrimary"":true}]",l.patterson@nodalpoint.io,,2026-04-13T16:50:57.855946+00:00,2026-06-09T17:36:32.921829+00:00,"{""city"":""Dallas"",""state"":""Texas"",""meters"":[{""id"":""246ee557-3c09-4848-a482-a3bcf766bc9f"",""rate"":"""",""esiId"":"""",""address"":""7201 Lemmon Ave, Dallas, Texas, United States, 75209-3011"",""endDate"":""""}],""country"":""United States"",""ownerId"":""l.patterson@nodalpoint.io"",""enriched"":false,""postal_code"":""75247"",""import_batch"":""2026-04-27T18:27:43.964Z"",""linkedin_url"":""http://www.linkedin.com/company/jsx"",""headcount_max"":750,""headcount_min"":750,""headcount_raw"":""750"",""import_source"":""bulk_import_contact"",""annual_revenue"":""2500000"",""headcount_label"":""750"",""service_address"":""7201 Lemmon Ave, Dallas, Texas, United States, 75209-3011"",""headcount_source"":""bulk_import_contact"",""intelligenceProfile"":{""version"":1,""evidence"":[""From now on, this is how you fly. See you at the hangar."",""JSX | Flights & Plane Tickets. Fly in style between crowd-free private facilities with an advanced TSA-approved security program. Yes, that easy. Sip and sit back with business class amenities on spacious 30-seat planes…""],""confidence"":""medium"",""companyType"":""industrial manufacturer"",""generatedAt"":""2026-05-23T21:50:37.448Z"",""sourceKinds"":[""sec"",""web""],""facilityType"":""plant / production facility"",""powerKeywords"":[""production lines"",""process equipment"",""HVAC""],""operatingModel"":""production facility"",""industryCluster"":""manufacturing"",""identityKeywords"":[""manufacturing"",""production"",""industrial""],""talkTrackGuardrails"":[""No retail language"",""No office-only language""]},""source_company_fields"":{""sic_code"":""4512"",""naics_code"":""481"",""company_city"":""Dallas"",""company_state"":""Texas"",""company_country"":""United States"",""company_phone_1"":""866.779.7770"",""company_industry"":""Airlines & Aviation"",""company_location"":""1341 W Mockingbird Ln Suite 600e, Dallas, TX 75247, United States"",""company_post_code"":""75247"",""company_state_abbr"":""TX"",""company_description"":""From now on, this is how you fly. See you at the hangar."",""company_staff_count"":""750"",""company_founded_date"":""2016"",""company_name_cleaned"":""JSX"",""company_revenue_range"":""$1M - $5M"",""company_annual_revenue"":""2500000"",""company_li_profile_url"":""https://www.linkedin.com/company/jsx"",""company_website_domain"":""jsx.com"",""company_country_alpha_2"":""US"",""company_country_alpha_3"":""USA"",""company_country_numeric"":""840"",""company_staff_count_range"":""501 - 1,000 employees""},""intelligenceAudienceProfile"":null,""intelligenceBriefingContext"":{""confidence"":""medium"",""personaLens"":""No specific contact selected; use owner/controller/facilities-friendly language."",""problemFrame"":""Often times for a manufacturing operation, it's difficult to prevent equipment timing, compressed air, and process loads from spiking the meter during peak hours."",""signalReason"":""Company context from website, CRM account facts, and industry pattern"",""questionFrame"":""I'm curious, how do y'all tell which equipment or schedule is creating the highest usage moment, or is that side of things pretty much on autopilot?"",""companyIdentity"":""industrial manufacturer"",""forbiddenLanguage"":[""No retail language"",""No office-only language"",""Do not use jargon like demand ratchet, billing floor, load factor, base load, or throughput."",""Do not mention scraping, LinkedIn, Google, RSS, or internal CRM notes."",""Do not sound like a commodity broker or say you can save money.""],""operationalDrivers"":[""production lines"",""process equipment"",""HVAC"",""startup sequences"",""production ramps"",""shift-driven peaks"",""billing floors""]},""intelligenceHierarchyContext"":null}",,,,JSX Acquires ATR 42 Aircraft from Silver Airways Collapse,"JSX is expanding its fleet by acquiring ATR 42 aircraft following the collapse of Silver Airways. This expansion indicates a growth in operational capacity and potentially an increase in flight routes or frequency. Such an increase in aircraft and operations will likely lead to higher electricity consumption at their private facilities and hangars, particularly for maintenance, ground support, and passenger services. This growth could introduce new peak charges or increase existing ones if not managed proactively.","Hey there, it's Lewis with Nodal Point, calling you out the blue here, so I'll be brief. I saw JSX is acquiring ATR 42 aircraft from the Silver Airways collapse, and had a curious question about y'alls electricity agreements and contracts.","Adding those ATR 42 aircraft to the fleet means more hangar time for maintenance and ground support, which naturally pulls a heavier demand spike on the utility meter. I'm curious, how do y'all account for that increased operational load on the electricity bill, or is that side of things pretty much on autopilot?",2026-05-23,https://en.m.wikipedia.org/wiki/JSX_(airline),High,2026-05-23T21:50:39.898+00:00,ready,2026-05-23
76366ae9-8367-4531-a1bd-63103e9d42ef,King Aerospace,kingaerospace.com,kingaerospace.com,Aviation & Aerospace,active,350,17000000,"Our aircraft support services have stood the test of time because we treat our customers like family – the King family. Our corporate aircraft division serves VVIP aircraft, specializing in the Boeing Business Jet, and our military/government aircraft division delivers responsive maintenance and aircraft support services in some of the most demanding operational environments around the globe. KAI Repair Station: FAA: K08R226Y/K6JY407Y · KACC Repair Station: FAA: K2CR345J · EASA: 145.6359 · Mexico Certification DGAC: CO-064/14 · Bermuda Civil Aviation Authority: BDA/AMO/625 · ISO 9001:2015 · AS9110C King Aerospace is an Equal Opportunity Employer to include women, minorities, veterans, persons with disabilities, color, sex, sexual orientation, gender identity, religion and genetic information.",,+1 (972)-248-4886,https://www.linkedin.com/company/king-aerospace,"4444 Westgrove Drive, Addison, TX 75001, United States",Addison,Texas,75001,United States,,,,,"[{""city"":""Addison"",""type"":""headquarters"",""state"":""Texas"",""address"":""4444 Westgrove Drive, Addison, TX 75001, United States"",""country"":""United States"",""isPrimary"":true}]",l.patterson@nodalpoint.io,,2026-04-27T18:14:02.068517+00:00,2026-06-09T17:36:32.921829+00:00,"{""sqft"":"""",""meters"":[{""id"":""ea1dc700-7a83-46d7-a6d1-f1513cc09a30"",""rate"":"""",""esiId"":"""",""address"":""4444 Westgrove Drive, Addison, TX 75001, United States"",""endDate"":""""}],""country"":""United States"",""ownerId"":""l.patterson@nodalpoint.io"",""enriched"":false,""occupancy"":"""",""postal_code"":""75001"",""import_batch"":""2026-04-27T18:27:15.286Z"",""headcount_max"":350,""headcount_min"":350,""headcount_raw"":""350"",""import_source"":""bulk_import_contact"",""annual_revenue"":""17000000"",""headcount_label"":""350"",""headcount_source"":""bulk_import_contact"",""source_company_fields"":{""sic_code"":""4581"",""naics_code"":""3364"",""company_city"":""Addison"",""company_state"":""Texas"",""company_country"":""United States"",""company_phone_1"":""972.248.4886"",""company_industry"":""Aviation & Aerospace"",""company_location"":""4444 Westgrove Drive, Addison, TX 75001, United States"",""company_post_code"":""75001"",""company_state_abbr"":""TX"",""company_description"":""Our aircraft support services have stood the test of time because we treat our customers like family – the King family. Our corporate aircraft division serves VVIP aircraft, specializing in the Boeing Business Jet, and our military/government aircraft division delivers responsive maintenance and aircraft support services in some of the most demanding operational environments around the globe.\nKAI Repair Station: FAA: K08R226Y/K6JY407Y · KACC Repair Station: FAA: K2CR345J · EASA: 145.6359 · Mexico Certification DGAC: CO-064/14 · Bermuda Civil Aviation Authority: BDA/AMO/625 · ISO 9001:2015 · AS9110C\nKing Aerospace is an Equal Opportunity Employer to include women, minorities, veterans, persons with disabilities, color, sex, sexual orientation, gender identity, religion and genetic information."",""company_staff_count"":""350"",""company_founded_date"":""1993"",""company_name_cleaned"":""King Aerospace"",""company_revenue_range"":""$5M - $20M"",""company_annual_revenue"":""17000000"",""company_li_profile_url"":""https://www.linkedin.com/company/king-aerospace"",""company_website_domain"":""kingaerospace.com"",""company_country_alpha_2"":""US"",""company_country_alpha_3"":""USA"",""company_country_numeric"":""840"",""company_staff_count_range"":""201 - 500 employees""}}",,,,,,,,,,,,idle,
b795a890-5f07-4ecf-943e-c88194532fb2,Kristen Distributing Company Inc.,kristendistributing.com,kristendistributing.com,Wholesale,active,125,75000000,"Kristen Distributing Company was founded in 1930 by Ambrose Kristen, three years before the repeal of Prohibition. The company started out as a manufacturer and distributor for soft drinks like Frosty, Nesbitt, 7-Up, and Dr. Pepper.  After his return from World War II, “Boots” Kristen, Ambrose’s son joined the firm and immediately started growing the business. He expanded the company’s portfolio to include wholesale beer distribution in Austin and Waller Counties with brands like Grand Prize Beer of Galveston – Texas’ #1 Beer (owned by Howard Hughes). In 1945, Boots created and bottled his own soda line, Boots Soda, a craft soda that featured seasonal flavors. He successfully bottled the line for a decade before the division was sold in the early ’60s. Shortly after, Kristen Distributing was awarded the rights to Miller Brewing Company products, one of the company’s biggest acquisitions to date! In 1979, Mark Kristen, “Boots” son, came aboard as the 3rd generation Kristen to be in management. Mark led Kristen Distributing to become one of the first Miller houses to acquire Coors Brewing Company products, creating one of the first shared MillerCoors houses in the state of Texas. In 1998, Mark purchased Brazos Beverage; this gave him the opportunity to relocate the company to Bryan, Texas. Today, the company services roughly 25 central counties with alcoholic and non-alcoholic brands. At capacity, our controlled temperature warehouse holds 500,000 cases of product. With an estimated 1,200 plus SKU’s; we distribute around 3M cases per year! Mark still serves as the company’s CEO while his son, John Kristen, presides as the President. As a 4th generation Kristen in the beer business, it comes as no surprise that John’s first word was “beer”! He will lead us in celebrating 90 years of business in 2020!",,+1 (979)-775-6322,https://www.linkedin.com/company/kristendistributingcompany,"1501 Independence Ave, Bryan, TX 77807, United States",Bryan,Texas,77807,United States,,,,,"[{""city"":""Bryan"",""type"":""headquarters"",""state"":""Texas"",""address"":""1501 Independence Ave, Bryan, TX 77807, United States"",""country"":""United States"",""isPrimary"":true}]",l.patterson@nodalpoint.io,,2026-04-27T18:06:16.733215+00:00,2026-06-09T17:36:32.921829+00:00,"{""sqft"":"""",""meters"":[{""id"":""ffe5fbba-c64a-418d-a017-c89252b0cd89"",""rate"":"""",""esiId"":"""",""address"":""1501 Independence Ave, Bryan, TX 77807, United States"",""endDate"":""""}],""country"":""United States"",""ownerId"":""l.patterson@nodalpoint.io"",""enriched"":false,""occupancy"":"""",""postal_code"":""77807"",""import_batch"":""2026-04-27T18:25:41.953Z"",""headcount_max"":125,""headcount_min"":125,""headcount_raw"":""125"",""import_source"":""bulk_import_contact"",""annual_revenue"":""75000000"",""headcount_label"":""125"",""headcount_source"":""bulk_import_contact"",""source_company_fields"":{""sic_code"":""5181"",""naics_code"":""42"",""company_city"":""Bryan"",""company_state"":""Texas"",""company_country"":""United States"",""company_phone_1"":""979.775.6322"",""company_industry"":""Wholesale"",""company_location"":""1501 Independence Ave, Bryan, TX 77807, United States"",""company_post_code"":""77807"",""company_state_abbr"":""TX"",""company_description"":""Kristen Distributing Company was founded in 1930 by Ambrose Kristen, three years before the repeal of Prohibition. The company started out as a manufacturer and distributor for soft drinks like Frosty, Nesbitt, 7-Up, and Dr. Pepper. \nAfter his return from World War II, “Boots” Kristen, Ambrose’s son joined the firm and immediately started growing the business. He expanded the company’s portfolio to include wholesale beer distribution in Austin and Waller Counties with brands like Grand Prize Beer of Galveston – Texas’ #1 Beer (owned by Howard Hughes). In 1945, Boots created and bottled his own soda line, Boots Soda, a craft soda that featured seasonal flavors. He successfully bottled the line for a decade before the division was sold in the early ’60s. Shortly after, Kristen Distributing was awarded the rights to Miller Brewing Company products, one of the company’s biggest acquisitions to date!\nIn 1979, Mark Kristen, “Boots” son, came aboard as the 3rd generation Kristen to be in management. Mark led Kristen Distributing to become one of the first Miller houses to acquire Coors Brewing Company products, creating one of the first shared MillerCoors houses in the state of Texas. In 1998, Mark purchased Brazos Beverage; this gave him the opportunity to relocate the company to Bryan, Texas.\nToday, the company services roughly 25 central counties with alcoholic and non-alcoholic brands. At capacity, our controlled temperature warehouse holds 500,000 cases of product. With an estimated 1,200 plus SKU’s; we distribute around 3M cases per year!\nMark still serves as the company’s CEO while his son, John Kristen, presides as the President. As a 4th generation Kristen in the beer business, it comes as no surprise that John’s first word was “beer”! He will lead us in celebrating 90 years of business in 2020!"",""company_staff_count"":""125"",""company_founded_date"":""1930"",""company_name_cleaned"":""Kristen Distributing Company Inc."",""company_revenue_range"":""$50M - $100M"",""company_annual_revenue"":""75000000"",""company_li_profile_url"":""https://www.linkedin.com/company/kristendistributingcompany"",""company_website_domain"":""kristendistributing.com"",""company_country_alpha_2"":""US"",""company_country_alpha_3"":""USA"",""company_country_numeric"":""840"",""company_staff_count_range"":""51 - 200 employees""}}",,,,,,,,,,,,idle,
1d6d584f-284f-4741-b9c5-347a82f6ed3d,L2 Aviation,l2aviation.com,l2aviation.com,Airlines & Aviation,active,125,17000000,"L2 Aviation is a global avionics design, engineering, consulting, certification, and installation services company supporting a variety of modification and certification projects for commercial, VIP/VVIP, business and military aircraft.  We have a 20+ year dedicated focus on streamlining every step of the avionics integration and installation process. L2 is AS9100D/ISO9001 certified in addition to being an FAA Certified Repair Station specializing in worldwide field installations and a FAA Parts Manufacturing Approval (PMA) facility capable of building and assembling harnesses and kits to print. We are avionics experts!",,+1 (512)-894-3414,https://www.linkedin.com/company/l2aviation,"2100 East Highway 290, Dripping Springs, TX 78620, United States",Dripping Springs,Texas,78620,United States,,,,,"[{""city"":""Dripping Springs"",""type"":""headquarters"",""state"":""Texas"",""address"":""2100 East Highway 290, Dripping Springs, TX 78620, United States"",""country"":""United States"",""isPrimary"":true}]",l.patterson@nodalpoint.io,,2026-04-27T18:12:46.258719+00:00,2026-06-09T17:36:32.921829+00:00,"{""sqft"":"""",""meters"":[{""id"":""1fded120-53a8-4381-8ba4-3c84515e4fc2"",""rate"":"""",""esiId"":"""",""address"":""2100 East Highway 290, Dripping Springs, TX 78620, United States"",""endDate"":""""}],""country"":""United States"",""ownerId"":""l.patterson@nodalpoint.io"",""enriched"":false,""occupancy"":"""",""postal_code"":""78620"",""import_batch"":""2026-04-27T18:25:45.747Z"",""headcount_max"":125,""headcount_min"":125,""headcount_raw"":""125"",""import_source"":""bulk_import_contact"",""annual_revenue"":""17000000"",""headcount_label"":""125"",""headcount_source"":""bulk_import_contact"",""source_company_fields"":{""sic_code"":""8711"",""naics_code"":""927110"",""company_city"":""Dripping Springs"",""company_state"":""Texas"",""company_country"":""United States"",""company_phone_1"":""512.894.3414"",""company_industry"":""Airlines & Aviation"",""company_location"":""2100 East Highway 290, Dripping Springs, TX 78620, United States"",""company_post_code"":""78620"",""company_state_abbr"":""TX"",""company_description"":""L2 Aviation is a global avionics design, engineering, consulting, certification, and installation services company supporting a variety of modification and certification projects for commercial, VIP/VVIP, business and military aircraft.  We have a 20+ year dedicated focus on streamlining every step of the avionics integration and installation process. L2 is AS9100D/ISO9001 certified in addition to being an FAA Certified Repair Station specializing in worldwide field installations and a FAA Parts Manufacturing Approval (PMA) facility capable of building and assembling harnesses and kits to print. We are avionics experts!"",""company_staff_count"":""125"",""company_founded_date"":""1997"",""company_name_cleaned"":""L2 Aviation"",""company_revenue_range"":""$5M - $20M"",""company_annual_revenue"":""17000000"",""company_li_profile_url"":""https://www.linkedin.com/company/l2aviation"",""company_website_domain"":""l2aviation.com"",""company_country_alpha_2"":""US"",""company_country_alpha_3"":""USA"",""company_country_numeric"":""840"",""company_staff_count_range"":""51 - 200 employees""}}",,,,,,,,,,,,idle,
842698b3-71f8-4add-9fa9-3294a88ae242,Ledwell & Son Enterprises Inc.,ledwell.com,ledwell.com,Machinery,active,125,300000000,"Since 1946, Ledwell & Son Enterprises has been building quality equipment to make our customers’ lives easier. Over the past seventy years, Ledwell has become a leader in trailer and truck body manufacturing.  Continuing the tradition of innovation, Ledwell designs quality custom equipment with the owner and operator in mind. Our goal is to improve productivity and reduce overall cost of ownership. Ledwell equipment is designed to overcome service obstacles through improved efficiency, safety, performance, and durability.   We stand behind every piece of Ledwell equipment on the road today, whether it be in the Rental, Construction, Transportation, Energy,  Vacuum or Feed industry, our goal is to keep the operator running. Ledwell delivers service after the sale by providing a comprehensive parts inventory, together with a responsive Service and Warranty department.  Ledwell is dedicated to quality and dedicated to you.  - HydraTail Trailers - Rollbacks - Dump Bodies - Water Tankers - Oil and Chemical Equipment - Mobile Vacuum Loading Equipment - Feed Haul Equipment - Fire Equipment - Custom & Specialty",,+1 (903)-838-6531,https://www.linkedin.com/company/ledwell-&-son-enterprises-inc.,"3300 Waco Street, Texarkana, TX 75501, United States",Texarkana,Texas,75501,United States,,,,,"[{""city"":""Texarkana"",""type"":""headquarters"",""state"":""Texas"",""address"":""3300 Waco Street, Texarkana, TX 75501, United States"",""country"":""United States"",""isPrimary"":true}]",l.patterson@nodalpoint.io,,2026-04-27T18:20:22.119273+00:00,2026-06-09T17:36:32.921829+00:00,"{""sqft"":"""",""meters"":[{""id"":""913384fc-0cdd-4f9c-8caa-5738deae9d9a"",""rate"":"""",""esiId"":"""",""address"":""3300 Waco Street, Texarkana, TX 75501, United States"",""endDate"":""""}],""country"":""United States"",""ownerId"":""l.patterson@nodalpoint.io"",""enriched"":false,""occupancy"":"""",""postal_code"":""75501"",""import_batch"":""2026-04-27T18:22:52.335Z"",""headcount_max"":125,""headcount_min"":125,""headcount_raw"":""125"",""import_source"":""bulk_import_contact"",""annual_revenue"":""300000000"",""headcount_label"":""125"",""headcount_source"":""bulk_import_contact"",""source_company_fields"":{""sic_code"":""3715"",""naics_code"":""23"",""company_city"":""Texarkana"",""company_state"":""Texas"",""company_country"":""United States"",""company_phone_1"":""903.838.6531"",""company_industry"":""Machinery"",""company_location"":""3300 Waco Street, Texarkana, TX 75501, United States"",""company_post_code"":""75501"",""company_state_abbr"":""TX"",""company_description"":""Since 1946, Ledwell & Son Enterprises has been building quality equipment to make our customers’ lives easier. Over the past seventy years, Ledwell has become a leader in trailer and truck body manufacturing.\r\n\r\nContinuing the tradition of innovation, Ledwell designs quality custom equipment with the owner and operator in mind. Our goal is to improve productivity and reduce overall cost of ownership. Ledwell equipment is designed to overcome service obstacles through improved efficiency, safety, performance, and durability. \r\n\r\nWe stand behind every piece of Ledwell equipment on the road today, whether it be in the Rental, Construction, Transportation, Energy,  Vacuum or Feed industry, our goal is to keep the operator running. Ledwell delivers service after the sale by providing a comprehensive parts inventory, together with a responsive Service and Warranty department.\r\n\r\nLedwell is dedicated to quality and dedicated to you.\r\n\r\n- HydraTail Trailers\r\n- Rollbacks\r\n- Dump Bodies\r\n- Water Tankers\r\n- Oil and Chemical Equipment\r\n- Mobile Vacuum Loading Equipment\r\n- Feed Haul Equipment\r\n- Fire Equipment\r\n- Custom & Specialty"",""company_staff_count"":""125"",""company_founded_date"":""1946"",""company_name_cleaned"":""Ledwell & Son Enterprises Inc."",""company_revenue_range"":""$100M - $500M"",""company_annual_revenue"":""300000000"",""company_li_profile_url"":""https://www.linkedin.com/company/ledwell-&-son-enterprises-inc."",""company_website_domain"":""ledwell.com"",""company_country_alpha_2"":""US"",""company_country_alpha_3"":""USA"",""company_country_numeric"":""840"",""company_staff_count_range"":""51 - 200 employees""}}",,,,,,,,,,,,idle,
a7af6912-37cd-4edc-8f9e-1fc966955cf9,Legacy Housing Corporation,legacyhousing.com,legacyhousing.com,Construction,active,350,300000000,"Legacy Housing Corporation is the fourth largest producer of manufactured homes in the United States and a recognized leader and innovator in the manufactured housing industry.  With current operations focused on the southwest and southeast of the United States, Legacy offers an array of products that help make quality housing affordable again.   In business since 2005, Legacy continues to build a high-quality home at a substantial value to its network of independent retailers, company-owned stores, and their customers.  Our ownership team of Curtis Hodgson and Kenny Shipley started working in the industry 35 years ago.  In that time, they have become experts on every facet of the industry, utilizing that knowledge to build a company that is consistently an innovator in the industry, including with respect to Legacy's floor plan designs, the construction methods and materials, and available financing options. Building 80+ floor plans ranging from 1 to 5 bedrooms with up to 2600 square feet, Legacy has built its reputation on designing family-functional floor plans and offering features that most of the competition cannot match. Legacy is also one of the industry leaders for the emerging ""tiny house"" market, which are structures between 320 and 399 square feet in size.  Legacy's tiny houses come in a variety of models and floors plans, which range from 1 to 3 bedrooms and even include the option of adding a large covered patio. Legacy manufactures homes at its three facilities, located in Fort Worth, Texas, Commerce, Texas, and Eatonton Georgia, each of which range in size from approximately 97,000 square feet to over 385,000 square feet. With Legacy's control of the design and manufacturing process, Legacy can offer a variety of floor plans and features, such as state-of-the-art kitchens, and central up-flow air conditioning. Legacy employs over 900 people and has been named multiple times to the list of America's Fastest Growing Companies by Inc. Magazine.",,+1 (817)-799-4900,https://www.linkedin.com/company/legacy-housing-corporation,"1600 Airport Freeway, Bedford, TX 76022, United States",Bedford,Texas,76022,United States,,,,,"[{""city"":""Bedford"",""type"":""headquarters"",""state"":""Texas"",""address"":""1600 Airport Freeway, Bedford, TX 76022, United States"",""country"":""United States"",""isPrimary"":true}]",l.patterson@nodalpoint.io,,2026-04-27T18:04:58.50663+00:00,2026-06-09T17:36:32.921829+00:00,"{""sqft"":"""",""meters"":[{""id"":""e51b8a19-6bfe-4d25-9819-f903a8572780"",""rate"":"""",""esiId"":"""",""address"":""1600 Airport Freeway, Bedford, TX 76022, United States"",""endDate"":""""}],""country"":""United States"",""ownerId"":""l.patterson@nodalpoint.io"",""enriched"":false,""occupancy"":"""",""postal_code"":""76022"",""import_batch"":""2026-04-27T18:27:21.394Z"",""headcount_max"":350,""headcount_min"":350,""headcount_raw"":""350"",""import_source"":""bulk_import_contact"",""annual_revenue"":""300000000"",""headcount_label"":""350"",""headcount_source"":""bulk_import_contact"",""source_company_fields"":{""sic_code"":""2451"",""naics_code"":""23"",""company_city"":""Bedford"",""company_state"":""Texas"",""company_country"":""United States"",""company_phone_1"":""817.799.4900"",""company_industry"":""Construction"",""company_location"":""1600 Airport Freeway, Bedford, TX 76022, United States"",""company_post_code"":""76022"",""company_state_abbr"":""TX"",""company_description"":""Legacy Housing Corporation is the fourth largest producer of manufactured homes in the United States and a recognized leader and innovator in the manufactured housing industry.  With current operations focused on the southwest and southeast of the United States, Legacy offers an array of products that help make quality housing affordable again.  \nIn business since 2005, Legacy continues to build a high-quality home at a substantial value to its network of independent retailers, company-owned stores, and their customers.  Our ownership team of Curtis Hodgson and Kenny Shipley started working in the industry 35 years ago.  In that time, they have become experts on every facet of the industry, utilizing that knowledge to build a company that is consistently an innovator in the industry, including with respect to Legacy's floor plan designs, the construction methods and materials, and available financing options. Building 80+ floor plans ranging from 1 to 5 bedrooms with up to 2600 square feet, Legacy has built its reputation on designing family-functional floor plans and offering features that most of the competition cannot match.\nLegacy is also one of the industry leaders for the emerging \""tiny house\"" market, which are structures between 320 and 399 square feet in size.  Legacy's tiny houses come in a variety of models and floors plans, which range from 1 to 3 bedrooms and even include the option of adding a large covered patio.\nLegacy manufactures homes at its three facilities, located in Fort Worth, Texas, Commerce, Texas, and Eatonton Georgia, each of which range in size from approximately 97,000 square feet to over 385,000 square feet. With Legacy's control of the design and manufacturing process, Legacy can offer a variety of floor plans and features, such as state-of-the-art kitchens, and central up-flow air conditioning.\nLegacy employs over 900 people and has been named multiple times to the list of America's Fastest Growing Companies by Inc. Magazine."",""company_staff_count"":""350"",""company_founded_date"":""2005"",""company_name_cleaned"":""Legacy Housing Corporation"",""company_revenue_range"":""$100M - $500M"",""company_annual_revenue"":""300000000"",""company_li_profile_url"":""https://www.linkedin.com/company/legacy-housing-corporation"",""company_website_domain"":""legacyhousing.com"",""company_country_alpha_2"":""US"",""company_country_alpha_3"":""USA"",""company_country_numeric"":""840"",""company_staff_count_range"":""201 - 500 employees""}}",,,,,,,,,,,,idle,
b9b0788c-4b75-48d1-841a-577a4ba9170f,LifeScience Logistics,lslog.com,lslog.com,Logistics & Supply Chain,active,350,2500000,"LifeScience Logistics is committed to offering the highest quality, flexibility, and compliance in healthcare supply chain solutions. Our cGMP-compliant facilities and robust technology platform allow our pharmaceutical, medical device, and biotech clients to distribute controlled room temperature, refrigerated, and frozen products while outsourcing as much of the process as they desire. LifeScience Logistics, founded in 2006, is a third party logistics company committed to offering the highest quality, flexibility, and compliance in Healthcare Supply Chain Solutions.  LSL operates out of four cGMP compliant and FDA registered facilities totaling more than 1.35 million SF of fully validated and temperature mapped space.  Our facilities allow for Control Room Temperature (CRT) and Cold Chain Capabilities; both refrigerated (2 to 8 C) and frozen (-20 C) storage.  LSL is a Board of Pharmacy licensed distributor, VAWD-accredited, cGMP and FDA compliant company.   Our can-do attitude, and efficient operations, set us apart from our competition.  We pride ourselves on our ability to bring the best technology, quality, and intellectual capital to our clients.",,+1 (469)-844-3700,https://www.linkedin.com/company/lifescience-logistics,"3100 Olympus Blvd, Coppell, TX 75019, United States",Coppell,Texas,75019,United States,,,,,"[{""city"":""Coppell"",""type"":""headquarters"",""state"":""Texas"",""address"":""3100 Olympus Blvd, Coppell, TX 75019, United States"",""country"":""United States"",""isPrimary"":true}]",l.patterson@nodalpoint.io,,2026-04-27T18:02:10.042669+00:00,2026-06-09T17:36:32.921829+00:00,"{""sqft"":"""",""meters"":[{""id"":""c8211287-13ce-41a5-b918-11c6ea0f7cee"",""rate"":"""",""esiId"":"""",""address"":""3100 Olympus Blvd, Coppell, TX 75019, United States"",""endDate"":""""}],""country"":""United States"",""ownerId"":""l.patterson@nodalpoint.io"",""enriched"":false,""occupancy"":"""",""postal_code"":""75019"",""import_batch"":""2026-04-27T18:02:10.060Z"",""headcount_max"":350,""headcount_min"":350,""headcount_raw"":""350"",""import_source"":""bulk_import_contact"",""annual_revenue"":""2500000"",""headcount_label"":""350"",""headcount_source"":""bulk_import_contact"",""source_company_fields"":{""sic_code"":""4222"",""naics_code"":""23"",""company_city"":""Coppell"",""company_state"":""Texas"",""company_country"":""United States"",""company_phone_1"":""469.844.3700"",""company_industry"":""Logistics & Supply Chain"",""company_location"":""3100 Olympus Blvd, Coppell, TX 75019, United States"",""company_post_code"":""75019"",""company_state_abbr"":""TX"",""company_description"":""LifeScience Logistics is committed to offering the highest quality, flexibility, and compliance in healthcare supply chain solutions. Our cGMP-compliant facilities and robust technology platform allow our pharmaceutical, medical device, and biotech clients to distribute controlled room temperature, refrigerated, and frozen products while outsourcing as much of the process as they desire.\nLifeScience Logistics, founded in 2006, is a third party logistics company committed to offering the highest quality, flexibility, and compliance in Healthcare Supply Chain Solutions.  LSL operates out of four cGMP compliant and FDA registered facilities totaling more than 1.35 million SF of fully validated and temperature mapped space.  Our facilities allow for Control Room Temperature (CRT) and Cold Chain Capabilities; both refrigerated (2 to 8 C) and frozen (-20 C) storage.  LSL is a Board of Pharmacy licensed distributor, VAWD-accredited, cGMP and FDA compliant company.  \nOur can-do attitude, and efficient operations, set us apart from our competition.  We pride ourselves on our ability to bring the best technology, quality, and intellectual capital to our clients."",""company_staff_count"":""350"",""company_founded_date"":""2006"",""company_name_cleaned"":""LifeScience Logistics"",""company_revenue_range"":""$1M - $5M"",""company_annual_revenue"":""2500000"",""company_li_profile_url"":""https://www.linkedin.com/company/lifescience-logistics"",""company_website_domain"":""lslog.com"",""company_country_alpha_2"":""US"",""company_country_alpha_3"":""USA"",""company_country_numeric"":""840"",""company_staff_count_range"":""201 - 500 employees""}}",,,,,,,,,,,,idle,
7fd454a9-2818-4e20-a89f-cdf77b3936df,Lifetime Green Coatings,lifetimegreencoatings.com,lifetimegreencoatings.com,Building Materials,active,125,17000000,"Tired of dealing with floor coatings that chip and peel? Make the switch to Lifetime Green Coatings and enjoy a long-lasting, innovative solution perfect for your business or home.  Our coatings are built to withstand heavy foot and vehicle traffic, ensuring your floors will look fantastic for years to come. Our protection doesn't just stop at your floors! Our epoxy-free coatings are non-toxic and VOC-free to ensure the health of your employees, customers, family, and pets. Plus, our natural ingredients are sustainable and renewable, meaning we protect the environment too. Plus, our wide selection of base coats and flake colors give you the ability to customize your floor without compromising quality, while our quick-curing materials and skilled technicians ensure a quick turnaround for your space.",,+1 (877)-230-9292,https://www.linkedin.com/company/lifetime-green-coatings,"6125 Luther Lane 227, Dallas, TX 75225, United States",Dallas,Texas,75225,United States,,,,,"[{""city"":""Dallas"",""type"":""headquarters"",""state"":""Texas"",""address"":""6125 Luther Lane 227, Dallas, TX 75225, United States"",""country"":""United States"",""isPrimary"":true}]",l.patterson@nodalpoint.io,,2026-04-27T18:01:33.532253+00:00,2026-06-09T17:36:32.921829+00:00,"{""sqft"":"""",""meters"":[{""id"":""fdf98f21-0c62-4d10-978a-3d59927442ae"",""rate"":"""",""esiId"":"""",""address"":""2008 West Main Street, Marion, IL 62959, United States"",""endDate"":""""}],""country"":""United States"",""ownerId"":""l.patterson@nodalpoint.io"",""enriched"":false,""occupancy"":"""",""postal_code"":""75225"",""import_batch"":""2026-04-27T18:18:50.197Z"",""headcount_max"":125,""headcount_min"":125,""headcount_raw"":""125"",""import_source"":""bulk_import_contact"",""annual_revenue"":""17000000"",""headcount_label"":""125"",""headcount_source"":""bulk_import_contact"",""source_company_fields"":{""sic_code"":""1752"",""naics_code"":""4233"",""company_city"":""Dallas"",""company_state"":""Texas"",""company_country"":""United States"",""company_phone_1"":""877.230.9292"",""company_industry"":""Building Materials"",""company_location"":""6125 Luther Lane 227, Dallas, TX 75225, United States"",""company_post_code"":""75225"",""company_state_abbr"":""TX"",""company_description"":""Tired of dealing with floor coatings that chip and peel? Make the switch to Lifetime Green Coatings and enjoy a long-lasting, innovative solution perfect for your business or home. \nOur coatings are built to withstand heavy foot and vehicle traffic, ensuring your floors will look fantastic for years to come. Our protection doesn't just stop at your floors! Our epoxy-free coatings are non-toxic and VOC-free to ensure the health of your employees, customers, family, and pets. Plus, our natural ingredients are sustainable and renewable, meaning we protect the environment too.\nPlus, our wide selection of base coats and flake colors give you the ability to customize your floor without compromising quality, while our quick-curing materials and skilled technicians ensure a quick turnaround for your space."",""company_staff_count"":""125"",""company_founded_date"":""2023"",""company_name_cleaned"":""Lifetime Green Coatings"",""company_revenue_range"":""$5M - $20M"",""company_annual_revenue"":""17000000"",""company_li_profile_url"":""https://www.linkedin.com/company/lifetime-green-coatings"",""company_website_domain"":""lifetimegreencoatings.com"",""company_country_alpha_2"":""US"",""company_country_alpha_3"":""USA"",""company_country_numeric"":""840"",""company_staff_count_range"":""51 - 200 employees""}}",,,,,,,,,,,,idle,
6ad6a380-6241-49ab-9d53-f901564041d0,Locke Solutions,lockesolutions.com,lockesolutions.com,Building Materials,active,125,2500000,"Locke Solutions provides precast concrete and fabricated metal products for the engineering and construction industries in Texas, across the country, as well as internationally. The company has extensive experience in providing solutions for both the electrical/communication underground utility markets and the industrial/petrochemical markets.  Locke Solutions prides itself on its ability to design and manufacture products specifically geared towards its clients' needs to reduce the cost and risk associated with varying jobsite conditions during construction.",,+1 (832)-804-7062,https://www.linkedin.com/company/locke-solutions,"700 Almeda-Genoa Road, Houston, TX 77047, United States",Houston,Texas,77047,United States,,,,,"[{""city"":""Houston"",""type"":""headquarters"",""state"":""Texas"",""address"":""700 Almeda-Genoa Road, Houston, TX 77047, United States"",""country"":""United States"",""isPrimary"":true}]",l.patterson@nodalpoint.io,,2026-04-27T18:11:36.921103+00:00,2026-06-09T17:36:32.921829+00:00,"{""sqft"":"""",""meters"":[{""id"":""8dbb5c47-0e9e-45fa-b323-9f88e8b45e32"",""rate"":"""",""esiId"":"""",""address"":""700 Almeda-Genoa Road, Houston, TX 77047, United States"",""endDate"":""""}],""country"":""United States"",""ownerId"":""l.patterson@nodalpoint.io"",""enriched"":false,""occupancy"":"""",""postal_code"":""77047"",""import_batch"":""2026-04-27T18:20:15.001Z"",""headcount_max"":125,""headcount_min"":125,""headcount_raw"":""125"",""import_source"":""bulk_import_contact"",""annual_revenue"":""2500000"",""headcount_label"":""125"",""headcount_source"":""bulk_import_contact"",""source_company_fields"":{""sic_code"":""3449"",""naics_code"":""5416"",""company_city"":""Houston"",""company_state"":""Texas"",""company_country"":""United States"",""company_phone_1"":""832.804.7062"",""company_industry"":""Building Materials"",""company_location"":""700 Almeda-Genoa Road, Houston, TX 77047, United States"",""company_post_code"":""77047"",""company_state_abbr"":""TX"",""company_description"":""Locke Solutions provides precast concrete and fabricated metal products for the engineering and construction industries in Texas, across the country, as well as internationally. The company has extensive experience in providing solutions for both the electrical/communication underground utility markets and the industrial/petrochemical markets.  Locke Solutions prides itself on its ability to design and manufacture products specifically geared towards its clients' needs to reduce the cost and risk associated with varying jobsite conditions during construction."",""company_staff_count"":""125"",""company_founded_date"":""2013"",""company_name_cleaned"":""Locke Solutions"",""company_revenue_range"":""$1M - $5M"",""company_annual_revenue"":""2500000"",""company_li_profile_url"":""https://www.linkedin.com/company/locke-solutions"",""company_website_domain"":""lockesolutions.com"",""company_country_alpha_2"":""US"",""company_country_alpha_3"":""USA"",""company_country_numeric"":""840"",""company_staff_count_range"":""51 - 200 employees""}}",,,,,,,,,,,,idle,
d853aa0d-12fa-4df5-90da-8ee8b5e5ed03,Log-Con LLC,log-con.net,log-con.net,Logistics & Supply Chain,active,350,2500000,"We are a U.S. Small Disabled Veteran-Owned Business serving our customers globally. LOG-CON, LLC is an experienced professional group of logisticians, supply chain managers, and purchasing agents. Our primary  function of expedited global delivery for various Government Agencies has been the pride of LOG-CON from it's conception. Providing cost efficient and customer oriented logistical and procurement services worldwide over land, air and sea exceeding customer expectations.",,+1 (678)-776-6096,https://www.linkedin.com/company/log-con-llc,"3340 a Greens Rd Suite 880, Houston, TX 77032, United States",Houston,Texas,77032,United States,,,,,"[{""city"":""Houston"",""type"":""headquarters"",""state"":""Texas"",""address"":""3340 a Greens Rd Suite 880, Houston, TX 77032, United States"",""country"":""United States"",""isPrimary"":true}]",l.patterson@nodalpoint.io,,2026-04-27T18:11:57.063357+00:00,2026-06-09T17:36:32.921829+00:00,"{""sqft"":"""",""meters"":[{""id"":""15574a7d-7f9f-4341-9785-2ab07c0b30d6"",""rate"":"""",""esiId"":"""",""address"":""3340 a Greens Rd Suite 880, Houston, TX 77032, United States"",""endDate"":""""}],""country"":""United States"",""ownerId"":""l.patterson@nodalpoint.io"",""enriched"":false,""occupancy"":"""",""postal_code"":""77032"",""import_batch"":""2026-04-27T18:11:56.731Z"",""headcount_max"":350,""headcount_min"":350,""headcount_raw"":""350"",""import_source"":""bulk_import_contact"",""annual_revenue"":""2500000"",""headcount_label"":""350"",""headcount_source"":""bulk_import_contact"",""source_company_fields"":{""sic_code"":""8742"",""naics_code"":""48"",""company_city"":""Houston"",""company_state"":""Texas"",""company_country"":""United States"",""company_phone_1"":""678.776.6096"",""company_industry"":""Logistics & Supply Chain"",""company_location"":""3340 a Greens Rd Suite 880, Houston, TX 77032, United States"",""company_post_code"":""77032"",""company_state_abbr"":""TX"",""company_description"":""We are a U.S. Small Disabled Veteran-Owned Business serving our customers globally. LOG-CON, LLC is an experienced professional group of logisticians, supply chain managers, and purchasing agents. Our primary  function of expedited global delivery for various Government Agencies has been the pride of LOG-CON from it's conception. Providing cost efficient and customer oriented logistical and procurement services worldwide over land, air and sea exceeding customer expectations."",""company_staff_count"":""350"",""company_name_cleaned"":""Log-Con LLC"",""company_revenue_range"":""$1M - $5M"",""company_annual_revenue"":""2500000"",""company_li_profile_url"":""https://www.linkedin.com/company/log-con-llc"",""company_website_domain"":""log-con.net"",""company_country_alpha_2"":""US"",""company_country_alpha_3"":""USA"",""company_country_numeric"":""840"",""company_staff_count_range"":""201 - 500 employees""}}",,,,,,,,,,,,idle,
5565959a-5c06-4b42-b993-6ce253cdc89f,Lone Star Bakery Inc.,lonestarbakery.com,lonestarbakery.com,Food Production,active,125,75000000,"Lone Star Bakery, Inc. has been innovating new products for over 120 years. Our operation covers more than 400,000 sq. ft. of production, warehouse, and freezer and cooler space. Specifically designed equipment easily handles large volumes as well as small, customized orders ... quickly and efficiently. Our centralized location gives us the ability to control labor costs and allows us to distribute to our customers nationwide at the lowest cost possible.",,+1 (210)-648-6400,https://www.linkedin.com/company/lone-star-bakery,"8100 Us Highway 87 E China Grove, TX 78263, United States",,Texas,78263,United States,,,,,"[{""city"":"""",""type"":""headquarters"",""state"":""Texas"",""address"":""8100 Us Highway 87 E China Grove, TX 78263, United States"",""country"":""United States"",""isPrimary"":true}]",l.patterson@nodalpoint.io,,2026-04-27T18:06:16.695258+00:00,2026-06-09T17:36:32.921829+00:00,"{""sqft"":"""",""meters"":[{""id"":""0c2e09ba-bb98-447e-9fcf-fcd9658cd34f"",""rate"":"""",""esiId"":"""",""address"":""8100 Us Highway 87 E China Grove, TX 78263, United States"",""endDate"":""""}],""country"":""United States"",""ownerId"":""l.patterson@nodalpoint.io"",""enriched"":false,""occupancy"":"""",""postal_code"":""78263"",""import_batch"":""2026-04-27T18:23:12.379Z"",""headcount_max"":125,""headcount_min"":125,""headcount_raw"":""125"",""import_source"":""bulk_import_contact"",""annual_revenue"":""75000000"",""headcount_label"":""125"",""headcount_source"":""bulk_import_contact"",""source_company_fields"":{""sic_code"":""2053"",""naics_code"":""11"",""company_state"":""Texas"",""company_country"":""United States"",""company_phone_1"":""210.648.6400"",""company_industry"":""Food Production"",""company_location"":""8100 Us Highway 87 E China Grove, TX 78263, United States"",""company_post_code"":""78263"",""company_state_abbr"":""TX"",""company_description"":""Lone Star Bakery, Inc. has been innovating new products for over 120 years. Our operation covers more than 400,000 sq. ft. of production, warehouse, and freezer and cooler space. Specifically designed equipment easily handles large volumes as well as small, customized orders ... quickly and efficiently. Our centralized location gives us the ability to control labor costs and allows us to distribute to our customers nationwide at the lowest cost possible."",""company_staff_count"":""125"",""company_founded_date"":""1889"",""company_name_cleaned"":""Lone Star Bakery Inc."",""company_revenue_range"":""$50M - $100M"",""company_annual_revenue"":""75000000"",""company_li_profile_url"":""https://www.linkedin.com/company/lone-star-bakery"",""company_website_domain"":""lonestarbakery.com"",""company_country_alpha_2"":""US"",""company_country_alpha_3"":""USA"",""company_country_numeric"":""840"",""company_staff_count_range"":""51 - 200 employees""}}",,,,,,,,,,,,idle,
f9e6090b-6dbd-4d33-85f3-04c2001e7e1f,Lone Star Turbo,lonestarblower.com,lonestarblower.com,Machinery,active,125,2500000,"Lone Star is an ISO 9001 Manufacturer and Service company for centrifugal blowers and compressors with associated control systems located in Houston, Texas USA. Products include centrifugal compressors, single stage turbo blowers (both gear driven with variable inlet and discharge guide vanes and gearless direct drive with permanent magnet motors), vertically split multistage turbo, and related blower control systems.  Lone Star is a direct OEM replacement to competing brand blower and compressors.     Industries served include Water and Wastewater, Power, Petro-Chemical, Oil and Gas Mining, and many others using compressed air or gas, pressure or vacuum applications.",,+1 (832)-532-3112,https://www.linkedin.com/company/lone-star-blower,"8883 West Monroe Road, Houston, TX 77061, United States",Houston,Texas,77061,United States,,,,,"[{""city"":""Houston"",""type"":""headquarters"",""state"":""Texas"",""address"":""8883 West Monroe Road, Houston, TX 77061, United States"",""country"":""United States"",""isPrimary"":true}]",l.patterson@nodalpoint.io,,2026-04-27T18:17:52.256781+00:00,2026-06-09T17:36:32.921829+00:00,"{""sqft"":"""",""meters"":[{""id"":""7a888b68-fc3e-4d4d-bde2-2f1da58674cd"",""rate"":"""",""esiId"":"""",""address"":""8883 West Monroe Road, Houston, TX 77061, United States"",""endDate"":""""}],""country"":""United States"",""ownerId"":""l.patterson@nodalpoint.io"",""enriched"":false,""occupancy"":"""",""postal_code"":""77061"",""import_batch"":""2026-04-27T18:18:59.115Z"",""headcount_max"":125,""headcount_min"":125,""headcount_raw"":""125"",""import_source"":""bulk_import_contact"",""annual_revenue"":""2500000"",""headcount_label"":""125"",""headcount_source"":""bulk_import_contact"",""source_company_fields"":{""sic_code"":""3564"",""naics_code"":""3327"",""company_city"":""Houston"",""company_state"":""Texas"",""company_country"":""United States"",""company_phone_1"":""832.532.3112"",""company_industry"":""Machinery"",""company_location"":""8883 West Monroe Road, Houston, TX 77061, United States"",""company_post_code"":""77061"",""company_state_abbr"":""TX"",""company_description"":""Lone Star is an ISO 9001 Manufacturer and Service company for centrifugal blowers and compressors with associated control systems located in Houston, Texas USA. Products include centrifugal compressors, single stage turbo blowers (both gear driven with variable inlet and discharge guide vanes and gearless direct drive with permanent magnet motors), vertically split multistage turbo, and related blower control systems.  Lone Star is a direct OEM replacement to competing brand blower and compressors.  \n \nIndustries served include Water and Wastewater, Power, Petro-Chemical, Oil and Gas Mining, and many others using compressed air or gas, pressure or vacuum applications."",""company_staff_count"":""125"",""company_founded_date"":""2006"",""company_name_cleaned"":""Lone Star Turbo"",""company_revenue_range"":""$1M - $5M"",""company_annual_revenue"":""2500000"",""company_li_profile_url"":""https://www.linkedin.com/company/lone-star-blower"",""company_website_domain"":""lonestarblower.com"",""company_country_alpha_2"":""US"",""company_country_alpha_3"":""USA"",""company_country_numeric"":""840"",""company_staff_count_range"":""51 - 200 employees""}}",,,,,,,,,,,,idle,
0851fb74-7480-44cf-8f6c-36a41b9fcfd9,Malin,malinusa.com,malinusa.com,Machinery,active,350,75000000,"Simply put – we invest in our people. Whether it’s competitive pay, cutting-edge technology, various benefits options, or annual reward, we show our Associates (what we call Malin employees) what it means to be valued and give them the resources to help make their jobs easier.  We work hard. We play hard. We put our customers first and have a good time while doing it. Our customers are some of the biggest, most trusted companies in the world. Family festivities, company celebrations, and team-building events are just a few ways we let loose and have fun in between.",,+1 (972)-458-2680,https://www.linkedin.com/company/malinusa,"15870 Midway Rd, Addison, TX 75001, United States",Addison,Texas,75001,United States,,,,,"[{""city"":""Addison"",""type"":""headquarters"",""state"":""Texas"",""address"":""15870 Midway Rd, Addison, TX 75001, United States"",""country"":""United States"",""isPrimary"":true}]",l.patterson@nodalpoint.io,,2026-04-27T18:27:19.198098+00:00,2026-06-09T17:36:32.921829+00:00,"{""sqft"":"""",""meters"":[{""id"":""b68dc6be-75a1-47c0-a0b9-784914100ff4"",""rate"":"""",""esiId"":"""",""address"":""15870 Midway Rd, Addison, TX 75001, United States"",""endDate"":""""}],""country"":""United States"",""ownerId"":""l.patterson@nodalpoint.io"",""enriched"":false,""occupancy"":"""",""postal_code"":""75001"",""import_batch"":""2026-04-27T18:27:18.587Z"",""headcount_max"":350,""headcount_min"":350,""headcount_raw"":""350"",""import_source"":""bulk_import_contact"",""annual_revenue"":""75000000"",""headcount_label"":""350"",""headcount_source"":""bulk_import_contact"",""source_company_fields"":{""sic_code"":""8742"",""naics_code"":""48"",""company_city"":""Addison"",""company_state"":""Texas"",""company_country"":""United States"",""company_phone_1"":""972.458.2680"",""company_industry"":""Machinery"",""company_location"":""15870 Midway Rd, Addison, TX 75001, United States"",""company_post_code"":""75001"",""company_state_abbr"":""TX"",""company_description"":""Simply put – we invest in our people. Whether it’s competitive pay, cutting-edge technology, various benefits options, or annual reward, we show our Associates (what we call Malin employees) what it means to be valued and give them the resources to help make their jobs easier. \nWe work hard. We play hard. We put our customers first and have a good time while doing it. Our customers are some of the biggest, most trusted companies in the world. Family festivities, company celebrations, and team-building events are just a few ways we let loose and have fun in between."",""company_staff_count"":""350"",""company_founded_date"":""1971"",""company_name_cleaned"":""Malin"",""company_revenue_range"":""$50M - $100M"",""company_annual_revenue"":""75000000"",""company_li_profile_url"":""https://www.linkedin.com/company/malinusa"",""company_website_domain"":""malinusa.com"",""company_country_alpha_2"":""US"",""company_country_alpha_3"":""USA"",""company_country_numeric"":""840"",""company_staff_count_range"":""201 - 500 employees""}}",,,,,,,,,,,,idle,
cb5bd30d-a0b6-45d1-b31f-18d74e10efe2,McCoy Corporation,mccoys.com,mccoys.com,Building Materials,active,750,300000000,"Founded in 1927, McCoy’s is a fourth-generation, family-owned supplier of lumber, building supplies and farm and ranch equipment, providing a complete array services to its customer base which includes consumers, builders, contractors, repair/remodelers and farm & ranch folks.",https://zenprospect-production.s3.amazonaws.com/uploads/pictures/69a90e9ee31d9300010073b3/picture,+1 (512)-395-6644,https://www.linkedin.com/company/mccoy-corporation,"1350 North Interstate 35, San Marcos, TX 78666, United States",San Marcos,Texas,78666,United States,,,,,"[{""city"":""San Marcos"",""type"":""headquarters"",""state"":""Texas"",""address"":""1350 North Interstate 35, San Marcos, TX 78666, United States"",""country"":""United States"",""isPrimary"":true}]",l.patterson@nodalpoint.io,,2026-04-21T18:42:42.901219+00:00,2026-06-09T17:36:32.921829+00:00,"{""city"":""San Marcos"",""state"":""Texas"",""meters"":[{""id"":""002228d7-ca07-42a8-b6c7-3751868dd61c"",""rate"":"""",""esiId"":"""",""address"":""1350 Interstate 35, San Marcos, Texas, United States, 78666"",""endDate"":""""}],""country"":""United States"",""ownerId"":""l.patterson@nodalpoint.io"",""enriched"":false,""postal_code"":""78666"",""import_batch"":""2026-04-27T18:12:09.192Z"",""linkedin_url"":""http://www.linkedin.com/company/mccoy-corporation"",""headcount_max"":750,""headcount_min"":750,""headcount_raw"":""750"",""import_source"":""bulk_import_contact"",""annual_revenue"":""300000000"",""headcount_label"":""750"",""service_address"":""1350 Interstate 35, San Marcos, Texas, United States, 78666"",""headcount_source"":""bulk_import_contact"",""source_company_fields"":{""sic_code"":""5211"",""naics_code"":""53"",""company_city"":""San Marcos"",""company_state"":""Texas"",""company_country"":""United States"",""company_phone_1"":""512.395.6644"",""company_industry"":""Building Materials"",""company_location"":""1350 North Interstate 35, San Marcos, TX 78666, United States"",""company_post_code"":""78666"",""company_state_abbr"":""TX"",""company_description"":""Founded in 1927, McCoy’s is a fourth-generation, family-owned supplier of lumber, building supplies and farm and ranch equipment, providing a complete array services to its customer base which includes consumers, builders, contractors, repair/remodelers and farm & ranch folks."",""company_staff_count"":""750"",""company_founded_date"":""1927"",""company_name_cleaned"":""McCoy Corporation"",""company_revenue_range"":""$100M - $500M"",""company_annual_revenue"":""300000000"",""company_li_profile_url"":""https://www.linkedin.com/company/mccoy-corporation"",""company_website_domain"":""mccoys.com"",""company_country_alpha_2"":""US"",""company_country_alpha_3"":""USA"",""company_country_numeric"":""840"",""company_staff_count_range"":""501 - 1,000 employees""}}",,,,,,,,,,,,idle,
72528cb4-28aa-4a14-8df3-f7a3b9c26b77,MIC Group,micgrp.com,micgrp.com,Machinery,active,350,300000000,"For over 50 years, MIC Group has provided complex manufacturing & assembly solutions to its customers utilizing its unmatched technical expertise. This includes many Fortune 500 brands that provide the world with energy & transportation. We specialize in the following offerings: •	Oil & Gas:  Extensive portfolio of solutions serving upstream oil and gas clients, as well as midstream and downstream customers seeking cost effective, reliable technology driving productivity.  •	Aerospace & Defense:  Recently entering into the aerospace defense market, we are now on 8 approved vendor lists with major Tier 1 & Tier 2 providers and diversifying into a broader range of manufacturing and assembly solutions. •	Industrial:  Whether power generation, the emerging EV economy, or hydrogen fuel generation, we are helping clients to bring their products to market to serve a sustainable future.  Certifications and Registrations include: ISO 9001:2015, AS9100D, ITAR, and IPC-610.",https://zenprospect-production.s3.amazonaws.com/uploads/pictures/69b0e44231f9b000015914e5/picture,+1 (979)-277-7800,https://www.linkedin.com/company/mic-group-brenham,"3140 S Blue Bell Rd, Brenham, TX 77833, United States",Brenham,Texas,77833,United States,,,,,"[{""city"":""Brenham"",""type"":""headquarters"",""state"":""Texas"",""address"":""3140 S Blue Bell Rd, Brenham, TX 77833, United States"",""country"":""United States"",""isPrimary"":true}]",l.patterson@nodalpoint.io,,2026-04-21T18:42:19.294321+00:00,2026-06-09T17:36:32.921829+00:00,"{""city"":""Brenham"",""state"":""Texas"",""meters"":[{""id"":""1e286b25-3546-4919-a17e-f28df387fbee"",""rate"":"""",""esiId"":"""",""address"":""3140 South Blue Bell Road, Brenham, Texas, United States, 77833"",""endDate"":""""}],""country"":""United States"",""ownerId"":""l.patterson@nodalpoint.io"",""enriched"":false,""postal_code"":""77833"",""import_batch"":""2026-04-27T18:19:36.632Z"",""linkedin_url"":""http://www.linkedin.com/company/mic-group-brenham"",""headcount_max"":350,""headcount_min"":350,""headcount_raw"":""350"",""import_source"":""bulk_import_contact"",""annual_revenue"":""300000000"",""headcount_label"":""350"",""service_address"":""3140 South Blue Bell Road, Brenham, Texas, United States, 77833"",""headcount_source"":""bulk_import_contact"",""source_company_fields"":{""sic_code"":""7699"",""naics_code"":""5416"",""company_city"":""Brenham"",""company_state"":""Texas"",""company_country"":""United States"",""company_phone_1"":""979.277.7800"",""company_industry"":""Machinery"",""company_location"":""3140 S Blue Bell Rd, Brenham, TX 77833, United States"",""company_post_code"":""77833"",""company_state_abbr"":""TX"",""company_description"":""For over 50 years, MIC Group has provided complex manufacturing & assembly solutions to its customers utilizing its unmatched technical expertise. This includes many Fortune 500 brands that provide the world with energy & transportation. We specialize in the following offerings:\n•\tOil & Gas:  Extensive portfolio of solutions serving upstream oil and gas clients, as well as midstream and downstream customers seeking cost effective, reliable technology driving productivity. \n•\tAerospace & Defense:  Recently entering into the aerospace defense market, we are now on 8 approved vendor lists with major Tier 1 & Tier 2 providers and diversifying into a broader range of manufacturing and assembly solutions.\n•\tIndustrial:  Whether power generation, the emerging EV economy, or hydrogen fuel generation, we are helping clients to bring their products to market to serve a sustainable future. \nCertifications and Registrations include: ISO 9001:2015, AS9100D, ITAR, and IPC-610."",""company_staff_count"":""350"",""company_founded_date"":""1963"",""company_name_cleaned"":""MIC Group"",""company_revenue_range"":""$100M - $500M"",""company_annual_revenue"":""300000000"",""company_li_profile_url"":""https://www.linkedin.com/company/mic-group-brenham"",""company_website_domain"":""micgrp.com"",""company_country_alpha_2"":""US"",""company_country_alpha_3"":""USA"",""company_country_numeric"":""840"",""company_staff_count_range"":""201 - 500 employees""}}",,,,,,,,,,,,idle,
f74a6ded-6d33-4937-96b8-28b563ff36e3,Million Air,millionair.com,millionair.com,Airlines & Aviation,active,750,17000000,"Million Air, the most favored private aviation service in the FBO industry, provides award winning executive aircraft terminal services along with a wide range of aircraft ground handling services, fueling and line services, concierge services, ground transportation, catering, hangar, as well as upscale private charter. Headquartered in Houston, the company operates a network FBO facilities in the United States, Canada, Colombia, China and the Caribbean. For more information, visit www.millionair.com.",,+1 (713)-640-4000,https://www.linkedin.com/company/million-air,"8501 Telephone Road, Houston, TX 77061, United States",Houston,Texas,77061,United States,,,,,"[{""city"":""Houston"",""type"":""headquarters"",""state"":""Texas"",""address"":""8501 Telephone Road, Houston, TX 77061, United States"",""country"":""United States"",""isPrimary"":true}]",l.patterson@nodalpoint.io,,2026-04-27T18:05:07.992454+00:00,2026-06-09T17:36:32.921829+00:00,"{""sqft"":"""",""meters"":[{""id"":""d816595e-5573-4f0b-ba24-b012f8edc1a3"",""rate"":"""",""esiId"":"""",""address"":""8501 Telephone Road, Houston, TX 77061, United States"",""endDate"":""""}],""country"":""United States"",""ownerId"":""l.patterson@nodalpoint.io"",""enriched"":false,""occupancy"":"""",""postal_code"":""77061"",""import_batch"":""2026-04-27T18:14:03.761Z"",""headcount_max"":750,""headcount_min"":750,""headcount_raw"":""750"",""import_source"":""bulk_import_contact"",""annual_revenue"":""17000000"",""headcount_label"":""750"",""headcount_source"":""bulk_import_contact"",""source_company_fields"":{""sic_code"":""8249"",""naics_code"":""481"",""company_city"":""Houston"",""company_state"":""Texas"",""company_country"":""United States"",""company_phone_1"":""713.640.4000"",""company_industry"":""Airlines & Aviation"",""company_location"":""8501 Telephone Road, Houston, TX 77061, United States"",""company_post_code"":""77061"",""company_state_abbr"":""TX"",""company_description"":""Million Air, the most favored private aviation service in the FBO industry, provides award winning executive aircraft terminal services along with a wide range of aircraft ground handling services, fueling and line services, concierge services, ground transportation, catering, hangar, as well as upscale private charter. Headquartered in Houston, the company operates a network FBO facilities in the United States, Canada, Colombia, China and the Caribbean. For more information, visit www.millionair.com."",""company_staff_count"":""750"",""company_founded_date"":""1984"",""company_name_cleaned"":""Million Air"",""company_revenue_range"":""$5M - $20M"",""company_annual_revenue"":""17000000"",""company_li_profile_url"":""https://www.linkedin.com/company/million-air"",""company_website_domain"":""millionair.com"",""company_country_alpha_2"":""US"",""company_country_alpha_3"":""USA"",""company_country_numeric"":""840"",""company_staff_count_range"":""501 - 1,000 employees""}}",,,,,,,,,,,,idle,
83fb3935-d1df-4d5e-a533-0a136f3693ea,Mueller Inc.,muellerinc.com,muellerinc.com,Building Materials,active,350,300000000,"Mueller is a national brand, leading in high‑quality metal rooﬁng,  wall and building solutions, proudly serving property owners and  contractors across the country. Backed by 90+ years of experience  and part of the Cornerstone Building Brands family, Mueller combines  personalized support, reliable service and uncompromising quality with  in‑house manufacturing, a broad product portfolio and a growing  network of retail locations. Our team is dedicated to helping customers  succeed, supporting every project from concept to delivery with the  conﬁdence and care that deﬁne our legacy.",,+1 (325)-365-3555,https://www.linkedin.com/company/mueller-inc.,"1915 Hutchins Ave, Ballinger, TX 76821, United States",Ballinger,Texas,76821,United States,,,,,"[{""city"":""Ballinger"",""type"":""headquarters"",""state"":""Texas"",""address"":""1915 Hutchins Ave, Ballinger, TX 76821, United States"",""country"":""United States"",""isPrimary"":true}]",l.patterson@nodalpoint.io,,2026-04-27T18:01:23.382629+00:00,2026-06-09T17:36:32.921829+00:00,"{""sqft"":"""",""meters"":[{""id"":""08aa06a1-1308-4166-897e-28a3d4f91789"",""rate"":"""",""esiId"":"""",""address"":""1915 Hutchins Ave, Ballinger, TX 76821, United States"",""endDate"":""""}],""country"":""United States"",""ownerId"":""l.patterson@nodalpoint.io"",""enriched"":false,""occupancy"":"""",""postal_code"":""76821"",""import_batch"":""2026-04-27T18:20:28.750Z"",""headcount_max"":350,""headcount_min"":350,""headcount_raw"":""350"",""import_source"":""bulk_import_contact"",""annual_revenue"":""300000000"",""headcount_label"":""350"",""headcount_source"":""bulk_import_contact"",""source_company_fields"":{""sic_code"":""1542"",""naics_code"":""23"",""company_city"":""Ballinger"",""company_state"":""Texas"",""company_country"":""United States"",""company_phone_1"":""325.365.3555"",""company_industry"":""Building Materials"",""company_location"":""1915 Hutchins Ave, Ballinger, TX 76821, United States"",""company_post_code"":""76821"",""company_state_abbr"":""TX"",""company_description"":""Mueller is a national brand, leading in high‑quality metal rooﬁng, \nwall and building solutions, proudly serving property owners and \ncontractors across the country. Backed by 90+ years of experience \nand part of the Cornerstone Building Brands family, Mueller combines \npersonalized support, reliable service and uncompromising quality with \nin‑house manufacturing, a broad product portfolio and a growing \nnetwork of retail locations. Our team is dedicated to helping customers \nsucceed, supporting every project from concept to delivery with the \nconﬁdence and care that deﬁne our legacy."",""company_staff_count"":""350"",""company_founded_date"":""1937"",""company_name_cleaned"":""Mueller Inc."",""company_revenue_range"":""$100M - $500M"",""company_annual_revenue"":""300000000"",""company_li_profile_url"":""https://www.linkedin.com/company/mueller-inc."",""company_website_domain"":""muellerinc.com"",""company_country_alpha_2"":""US"",""company_country_alpha_3"":""USA"",""company_country_numeric"":""840"",""company_staff_count_range"":""201 - 500 employees""}}",,,,,,,,,,,,idle,
345e2727-3456-47f7-8401-a1eb0da2aa4f,Nailor Industries Inc.,nailor.com,nailor.com,Machinery,active,350,75000000,"Nailor Industries, Inc., operating under Nailor International Group, is a privately held, family-owned company with headquarters located in Houston, TX. The group consists of several business units: Nailor (Air Control & Distribution products, Terminal Units, Electric Duct Heaters), Engineered Comfort (Fan Coil Units), Thermal Corporation (Custom Air Handlers, Blower Coils), Klean Aire (Filter Housings), Engineered Acoustics (Duct Silencers), Nailor GTA and Advanced Air (UK). Nailor Industries has 11 manufacturing facilities totaling over 850,000 square feet strategically located in the US (Houston & Las Vegas), Canada (Toronto & Calgary), and the United Kingdom. Nailor is able to provide high-quality, low-cost commercial and industrial HVAC products with the best lead times in the industry. Utilizing an international network of top tier manufacturers representatives, working together we exceed the expectations of customers around the world. As a commitment to push the industry forward and continue our mission to innovate, our Houston facility houses a 40,000 square foot laboratory designed for research and development of many types of products in any given environment desired. Nailor is committed to providing innovative HVAC products backed by unparalleled customer service through a network of professional and knowledgeable manufacturers representatives.",,+1 (281)-590-1172,https://www.linkedin.com/company/nailor-industries,"4714 Winfield Road, Houston, TX 77039, United States",Houston,Texas,77039,United States,,,,,"[{""city"":""Houston"",""type"":""headquarters"",""state"":""Texas"",""address"":""4714 Winfield Road, Houston, TX 77039, United States"",""country"":""United States"",""isPrimary"":true}]",l.patterson@nodalpoint.io,,2026-04-27T18:27:13.491449+00:00,2026-06-09T17:36:32.921829+00:00,"{""sqft"":"""",""meters"":[{""id"":""26d7e61f-8c16-4c92-a364-81ef2d1a4c59"",""rate"":"""",""esiId"":"""",""address"":""4714 Winfield Road, Houston, TX 77039, United States"",""endDate"":""""}],""country"":""United States"",""ownerId"":""l.patterson@nodalpoint.io"",""enriched"":false,""occupancy"":"""",""postal_code"":""77039"",""import_batch"":""2026-04-27T18:27:12.931Z"",""headcount_max"":350,""headcount_min"":350,""headcount_raw"":""350"",""import_source"":""bulk_import_contact"",""annual_revenue"":""75000000"",""headcount_label"":""350"",""headcount_source"":""bulk_import_contact"",""source_company_fields"":{""sic_code"":""3822"",""naics_code"":""4233"",""company_city"":""Houston"",""company_state"":""Texas"",""company_country"":""United States"",""company_phone_1"":""281.590.1172"",""company_industry"":""Machinery"",""company_location"":""4714 Winfield Road, Houston, TX 77039, United States"",""company_post_code"":""77039"",""company_state_abbr"":""TX"",""company_description"":""Nailor Industries, Inc., operating under Nailor International Group, is a privately held, family-owned company with headquarters located in Houston, TX. The group consists of several business units: Nailor (Air Control & Distribution products, Terminal Units, Electric Duct Heaters), Engineered Comfort (Fan Coil Units), Thermal Corporation (Custom Air Handlers, Blower Coils), Klean Aire (Filter Housings), Engineered Acoustics (Duct Silencers), Nailor GTA and Advanced Air (UK).\nNailor Industries has 11 manufacturing facilities totaling over 850,000 square feet strategically located in the US (Houston & Las Vegas), Canada (Toronto & Calgary), and the United Kingdom. Nailor is able to provide high-quality, low-cost commercial and industrial HVAC products with the best lead times in the industry.\nUtilizing an international network of top tier manufacturers representatives, working together we exceed the expectations of customers around the world. As a commitment to push the industry forward and continue our mission to innovate, our Houston facility houses a 40,000 square foot laboratory designed for research and development of many types of products in any given environment desired.\nNailor is committed to providing innovative HVAC products backed by unparalleled customer service through a network of professional and knowledgeable manufacturers representatives."",""company_staff_count"":""350"",""company_founded_date"":""1971"",""company_name_cleaned"":""Nailor Industries Inc."",""company_revenue_range"":""$50M - $100M"",""company_annual_revenue"":""75000000"",""company_li_profile_url"":""https://www.linkedin.com/company/nailor-industries"",""company_website_domain"":""nailor.com"",""company_country_alpha_2"":""US"",""company_country_alpha_3"":""USA"",""company_country_numeric"":""840"",""company_staff_count_range"":""201 - 500 employees""}}",,,,,,,,,,,,idle,
53be782a-9a7a-4343-a763-9b8f10453195,Nobis Rehabilitation Partners,nobisrehabpartners.com,nobisrehabpartners.com,Hospital & Health Care,active,125,2500000,"Nobis brings together hospitals, developers, and investment partners to develop, operate, and manage Inpatient Rehabilitation Facilities (IRF's) throughout the United States.   The communities we serve deserve the best patient experience in a uniquely designed hospital where top-flight inspired caregivers want to spend their workday caring for people for their medical rehab needs.",,+1 (469)-640-6500,https://www.linkedin.com/company/nobis-rehabilitation-partners,"450 Century Parkway, Allen, TX 75013, United States",Allen,Texas,75013,United States,,,,,"[{""city"":""Allen"",""type"":""headquarters"",""state"":""Texas"",""address"":""450 Century Parkway, Allen, TX 75013, United States"",""country"":""United States"",""isPrimary"":true}]",l.patterson@nodalpoint.io,,2026-04-27T18:03:03.464691+00:00,2026-06-09T17:36:32.921829+00:00,"{""sqft"":"""",""meters"":[{""id"":""cd991b07-b9a9-42b0-b47d-a15349d104f9"",""rate"":"""",""esiId"":"""",""address"":""450 Century Parkway, Allen, TX 75013, United States"",""endDate"":""""}],""country"":""United States"",""ownerId"":""l.patterson@nodalpoint.io"",""enriched"":false,""occupancy"":"""",""postal_code"":""75013"",""import_batch"":""2026-04-27T18:23:26.832Z"",""headcount_max"":125,""headcount_min"":125,""headcount_raw"":""125"",""import_source"":""bulk_import_contact"",""annual_revenue"":""2500000"",""headcount_label"":""125"",""headcount_source"":""bulk_import_contact"",""source_company_fields"":{""sic_code"":""8069"",""naics_code"":""62"",""company_city"":""Allen"",""company_state"":""Texas"",""company_country"":""United States"",""company_phone_1"":""469.640.6500"",""company_industry"":""Hospital & Health Care"",""company_location"":""450 Century Parkway, Allen, TX 75013, United States"",""company_post_code"":""75013"",""company_state_abbr"":""TX"",""company_description"":""Nobis brings together hospitals, developers, and investment partners to develop, operate, and manage Inpatient Rehabilitation Facilities (IRF's) throughout the United States.   The communities we serve deserve the best patient experience in a uniquely designed hospital where top-flight inspired caregivers want to spend their workday caring for people for their medical rehab needs."",""company_staff_count"":""125"",""company_founded_date"":""2018"",""company_name_cleaned"":""Nobis Rehabilitation Partners"",""company_revenue_range"":""$1M - $5M"",""company_annual_revenue"":""2500000"",""company_li_profile_url"":""https://www.linkedin.com/company/nobis-rehabilitation-partners"",""company_website_domain"":""nobisrehabpartners.com"",""company_country_alpha_2"":""US"",""company_country_alpha_3"":""USA"",""company_country_numeric"":""840"",""company_staff_count_range"":""51 - 200 employees""}}",,,,,,,,,,,,idle,
af693ef2-f51d-475f-80d4-832c64b2d5bf,Oncology Consultants,oncologyconsultants.com,oncologyconsultants.com,Hospital & Health Care,active,350,17000000,"Oncology Consultants has been a premiere adult medical oncology and hematology practice in Houston, TX since 1982. Our healthcare team is committed to provide state of the art cancer treatment in a caring environment as we continue to expand our oncology services in the metropolitan area.",,+1 (713)-797-6323,https://www.linkedin.com/company/oncology-consultants,"10405 Katy Freeway, Houston, TX 77024, United States",Houston,Texas,77024,United States,,,,,"[{""city"":""Houston"",""type"":""headquarters"",""state"":""Texas"",""address"":""10405 Katy Freeway, Houston, TX 77024, United States"",""country"":""United States"",""isPrimary"":true}]",l.patterson@nodalpoint.io,,2026-04-27T18:01:23.386144+00:00,2026-06-09T17:36:32.921829+00:00,"{""sqft"":"""",""meters"":[{""id"":""16712f09-3c6e-4d02-814f-ef51ece4f8b1"",""rate"":"""",""esiId"":"""",""address"":""10405 Katy Freeway, Houston, TX 77024, United States"",""endDate"":""""}],""country"":""United States"",""ownerId"":""l.patterson@nodalpoint.io"",""enriched"":false,""occupancy"":"""",""postal_code"":""77024"",""import_batch"":""2026-04-27T18:27:12.492Z"",""headcount_max"":350,""headcount_min"":350,""headcount_raw"":""350"",""import_source"":""bulk_import_contact"",""annual_revenue"":""17000000"",""headcount_label"":""350"",""headcount_source"":""bulk_import_contact"",""source_company_fields"":{""sic_code"":""8011"",""naics_code"":""62"",""company_city"":""Houston"",""company_state"":""Texas"",""company_country"":""United States"",""company_phone_1"":""713.797.6323"",""company_industry"":""Hospital & Health Care"",""company_location"":""10405 Katy Freeway, Houston, TX 77024, United States"",""company_post_code"":""77024"",""company_state_abbr"":""TX"",""company_description"":""Oncology Consultants has been a premiere adult medical oncology and hematology practice in Houston, TX since 1982. Our healthcare team is committed to provide state of the art cancer treatment in a caring environment as we continue to expand our oncology services in the metropolitan area."",""company_staff_count"":""350"",""company_founded_date"":""1982"",""company_name_cleaned"":""Oncology Consultants"",""company_revenue_range"":""$5M - $20M"",""company_annual_revenue"":""17000000"",""company_li_profile_url"":""https://www.linkedin.com/company/oncology-consultants"",""company_website_domain"":""oncologyconsultants.com"",""company_country_alpha_2"":""US"",""company_country_alpha_3"":""USA"",""company_country_numeric"":""840"",""company_staff_count_range"":""201 - 500 employees""}}",,,,,,,,,,,,idle,
2e0ab5ed-7f2e-4de6-8529-3c51270f07f4,Peticolas Brewing Company LLC,peticolasbrewing.com,peticolasbrewing.com,Food & Beverages,active,750,17000000,"Honest, friendly, down to earth brewers delivering world class passion in a glass across north Texas. Tour the brewery and visit our new taproom.",,+1 (214)-234-7600,https://www.linkedin.com/company/peticolas-brewing-company-llc,"1301 Pace Street, Dallas, TX 75207, United States",Dallas,Texas,75207,United States,,,,,"[{""city"":""Dallas"",""type"":""headquarters"",""state"":""Texas"",""address"":""1301 Pace Street, Dallas, TX 75207, United States"",""country"":""United States"",""isPrimary"":true}]",l.patterson@nodalpoint.io,,2026-04-27T18:12:12.47256+00:00,2026-06-09T17:36:32.921829+00:00,"{""sqft"":"""",""meters"":[{""id"":""38513f1a-e4af-412f-9860-e9b35ef15673"",""rate"":"""",""esiId"":"""",""address"":""1301 Pace Street, Dallas, TX 75207, United States"",""endDate"":""""}],""country"":""United States"",""ownerId"":""l.patterson@nodalpoint.io"",""enriched"":false,""occupancy"":"""",""postal_code"":""75207"",""import_batch"":""2026-04-27T18:12:12.095Z"",""headcount_max"":750,""headcount_min"":750,""headcount_raw"":""750"",""import_source"":""bulk_import_contact"",""annual_revenue"":""17000000"",""headcount_label"":""750"",""headcount_source"":""bulk_import_contact"",""intelligenceProfile"":{""version"":1,""evidence"":[""Honest, friendly, down to earth brewers delivering world class passion in a glass across north Texas. Tour the brewery and visit our new taproom.""],""confidence"":""low"",""companyType"":""Food & Beverages"",""generatedAt"":""2026-05-21T03:46:06.568Z"",""sourceKinds"":[],""facilityType"":""commercial facility"",""powerKeywords"":[""HVAC"",""operations""],""operatingModel"":""commercial facility"",""industryCluster"":""unknown"",""identityKeywords"":[""Food & Beverages"",""Peticolas Brewing Company LLC""],""talkTrackGuardrails"":[""Use plain language"",""Avoid unrelated industry labels""]},""source_company_fields"":{""sic_code"":""5813"",""naics_code"":""7225"",""company_city"":""Dallas"",""company_state"":""Texas"",""company_country"":""United States"",""company_phone_1"":""214.234.7600"",""company_industry"":""Food & Beverages"",""company_location"":""1301 Pace Street, Dallas, TX 75207, United States"",""company_post_code"":""75207"",""company_state_abbr"":""TX"",""company_description"":""Honest, friendly, down to earth brewers delivering world class passion in a glass across north Texas. Tour the brewery and visit our new taproom."",""company_staff_count"":""750"",""company_founded_date"":""2010"",""company_name_cleaned"":""Peticolas Brewing Company LLC"",""company_revenue_range"":""$5M - $20M"",""company_annual_revenue"":""17000000"",""company_li_profile_url"":""https://www.linkedin.com/company/peticolas-brewing-company-llc"",""company_website_domain"":""peticolasbrewing.com"",""company_country_alpha_2"":""US"",""company_country_alpha_3"":""USA"",""company_country_numeric"":""840"",""company_staff_count_range"":""501 - 1,000 employees""}}",,32.796792,-96.828964,Peticolas Brewing Company LLC — Company Overview,"Honest, friendly, down to earth brewers delivering world class passion in a glass across north Texas. Tour the brewery and visit our new taproom.","Hey there, it's Lewis with Nodal Point — I've been researching a retail operation in Dallas and wanted to ask one quick question, do you have a quick second?","For a shop and showroom business like this, most operators care about whether the showroom, fabrication equipment, and climate control are all showing up on the bill the way they should. Have you compared the sites side by side, or is each one still being handled separately?",2026-05-21,https://www.peticolasbrewing.com/,Medium,2026-05-21T03:46:12.616+00:00,ready,2026-05-21
97c7c003-b3ba-4c61-9369-484824eec6f1,Port Corpus Christi,portofcc.com,portofcc.com,Logistics & Supply Chain,active,350,17000000,"As a leader in U.S. Crude Oil export ports and a major economic engine of Texas and the nation, Port Corpus Christi is the largest port in the United States in total revenue tonnage. Strategically located on the western Gulf of Mexico with a 36-mile, soon to be 54-foot (MLLW) deep channel, Port Corpus Christi is a major gateway to international and domestic maritime commerce. The Port has excellent railroad and highway network connectivity via three North American Class-1 railroads and two major interstate highways. With an outstanding staff overseen by its seven-member commission, Port Corpus Christi is “Moving America’s Energy.” The Port of Corpus Christi ended 2021 with record tonnage, mainly attributable to an 81.2 percent increase from 2020 in shipments of liquefied natural gas (LNG), while crude oil exports averaged a record 1.76 million barrels per day in 2021, a slight increase over its 2020 record performance. The Port of Corpus Christi’s new annual tonnage record of 167.3 million tons is a 4.7 percent increase over 2020.",,+1 (361)-882-5633,https://www.linkedin.com/company/port-of-corpus-christi,"222 Power Street, Corpus Christi, TX 78401, United States",Corpus Christi,Texas,78401,United States,,,,,"[{""city"":""Corpus Christi"",""type"":""headquarters"",""state"":""Texas"",""address"":""222 Power Street, Corpus Christi, TX 78401, United States"",""country"":""United States"",""isPrimary"":true}]",l.patterson@nodalpoint.io,,2026-04-27T18:02:08.763612+00:00,2026-06-09T17:36:32.921829+00:00,"{""sqft"":"""",""meters"":[{""id"":""004f3db7-fe45-49fa-9268-72eacf7cb916"",""rate"":"""",""esiId"":"""",""address"":""222 Power Street, Corpus Christi, TX 78401, United States"",""endDate"":""""}],""country"":""United States"",""ownerId"":""l.patterson@nodalpoint.io"",""enriched"":false,""occupancy"":"""",""postal_code"":""78401"",""import_batch"":""2026-04-27T18:02:08.716Z"",""headcount_max"":350,""headcount_min"":350,""headcount_raw"":""350"",""import_source"":""bulk_import_contact"",""annual_revenue"":""17000000"",""headcount_label"":""350"",""headcount_source"":""bulk_import_contact"",""source_company_fields"":{""sic_code"":""7389"",""naics_code"":""53"",""company_city"":""Corpus Christi"",""company_state"":""Texas"",""company_country"":""United States"",""company_phone_1"":""361.882.5633"",""company_industry"":""Logistics & Supply Chain"",""company_location"":""222 Power Street, Corpus Christi, TX 78401, United States"",""company_post_code"":""78401"",""company_state_abbr"":""TX"",""company_description"":""As a leader in U.S. Crude Oil export ports and a major economic engine of Texas and the nation, Port Corpus Christi is the largest port in the United States in total revenue tonnage. Strategically located on the western Gulf of Mexico with a 36-mile, soon to be 54-foot (MLLW) deep channel, Port Corpus Christi is a major gateway to international and domestic maritime commerce. The Port has excellent railroad and highway network connectivity via three North American Class-1 railroads and two major interstate highways. With an outstanding staff overseen by its seven-member commission, Port Corpus Christi is “Moving America’s Energy.”\nThe Port of Corpus Christi ended 2021 with record tonnage, mainly attributable to an 81.2 percent increase from 2020 in shipments of liquefied natural gas (LNG), while crude oil exports averaged a record 1.76 million barrels per day in 2021, a slight increase over its 2020 record performance. The Port of Corpus Christi’s new annual tonnage record of 167.3 million tons is a 4.7 percent increase over 2020."",""company_staff_count"":""350"",""company_founded_date"":""1926"",""company_name_cleaned"":""Port Corpus Christi"",""company_funding_total"":""133500000"",""company_revenue_range"":""$5M - $20M"",""company_annual_revenue"":""17000000"",""company_li_profile_url"":""https://www.linkedin.com/company/port-of-corpus-christi"",""company_website_domain"":""portofcc.com"",""company_country_alpha_2"":""US"",""company_country_alpha_3"":""USA"",""company_country_numeric"":""840"",""company_staff_count_range"":""201 - 500 employees""}}",,,,,,,,,,,,idle,
c1c1bedf-e311-4b73-8260-93145e011336,Portacool LLC,portacool.com,portacool.com,Machinery,active,350,2500000,"Portacool, LLC leads the evaporative cooling industry with 30 years of technological and manufacturing expertise. Based in East Texas, Portacool offers cooling solutions through distributors and retailers nationally and internationally in more than 56 countries. Portacool-branded portable evaporative coolers are available in a variety of sizes to provide practical cooling solutions for commercial and residential environments to aid heat safety and productivity. Learn more at www.portacool.com.",,+1 (936)-598-5651,https://www.linkedin.com/company/port-a-cool-llc,"711 Farm to Market Road 2468, Center, TX 75935, United States",Center,Texas,75935,United States,,,,,"[{""city"":""Center"",""type"":""headquarters"",""state"":""Texas"",""address"":""711 Farm to Market Road 2468, Center, TX 75935, United States"",""country"":""United States"",""isPrimary"":true}]",l.patterson@nodalpoint.io,,2026-04-27T18:27:05.62101+00:00,2026-06-09T17:36:32.921829+00:00,"{""sqft"":"""",""meters"":[{""id"":""9b96120d-b640-45e3-be27-a26b65efdb54"",""rate"":"""",""esiId"":"""",""address"":""711 Farm to Market Road 2468, Center, TX 75935, United States"",""endDate"":""""}],""country"":""United States"",""ownerId"":""l.patterson@nodalpoint.io"",""enriched"":false,""occupancy"":"""",""postal_code"":""75935"",""import_batch"":""2026-04-27T18:27:05.436Z"",""headcount_max"":350,""headcount_min"":350,""headcount_raw"":""350"",""import_source"":""bulk_import_contact"",""annual_revenue"":""2500000"",""headcount_label"":""350"",""headcount_source"":""bulk_import_contact"",""source_company_fields"":{""sic_code"":""3585"",""naics_code"":""5322"",""company_city"":""Center"",""company_state"":""Texas"",""company_country"":""United States"",""company_phone_1"":""936.598.5651"",""company_industry"":""Machinery"",""company_location"":""711 Farm to Market Road 2468, Center, TX 75935, United States"",""company_post_code"":""75935"",""company_state_abbr"":""TX"",""company_description"":""Portacool, LLC leads the evaporative cooling industry with 30 years of technological and manufacturing expertise. Based in East Texas, Portacool offers cooling solutions through distributors and retailers nationally and internationally in more than 56 countries. Portacool-branded portable evaporative coolers are available in a variety of sizes to provide practical cooling solutions for commercial and residential environments to aid heat safety and productivity. Learn more at www.portacool.com."",""company_staff_count"":""350"",""company_founded_date"":""1990"",""company_name_cleaned"":""Portacool LLC"",""company_revenue_range"":""$1M - $5M"",""company_annual_revenue"":""2500000"",""company_li_profile_url"":""https://www.linkedin.com/company/port-a-cool-llc"",""company_website_domain"":""portacool.com"",""company_country_alpha_2"":""US"",""company_country_alpha_3"":""USA"",""company_country_numeric"":""840"",""company_staff_count_range"":""201 - 500 employees""}}",,,,,,,,,,,,idle,
3ea0514f-ef59-46cd-9471-ff61f4cf5a44,Presco,tridentproducts.com,tridentproducts.com,Machinery,active,350,2500000,"Trident Solutions is a combination of multiple top industry leaders.  Leaders in marking products, engineered films, utility location, damage prevention, Wire & Cable, identification, and much more. Our world is full of innovative industries, but they need equally innovative ways to stay safe. That is why Trident Solutions exists. That’s why we work to make an impact every day. That’s why we make products that save lives.  •	Presco •	Pro-Line Safety Products •	William Frick & Company •	Rhino Marking & Protection •	LEM Products Inc Five Industry leader - One Shared Vision Innovation - Protection - Identification",,+1 (800)-527-3295,https://www.linkedin.com/company/trident-solutions-co,"1201 E Pecan St, Sherman, TX 75090, United States",Sherman,Texas,75090,United States,,,,,"[{""city"":""Sherman"",""type"":""headquarters"",""state"":""Texas"",""address"":""1201 E Pecan St, Sherman, TX 75090, United States"",""country"":""United States"",""isPrimary"":true}]",l.patterson@nodalpoint.io,,2026-04-27T18:02:15.430167+00:00,2026-06-09T17:36:32.921829+00:00,"{""sqft"":"""",""meters"":[{""id"":""3afcc8bc-5dbc-486f-9cd0-133b0dde2798"",""rate"":"""",""esiId"":"""",""address"":""1201 E Pecan St, Sherman, TX 75090, United States"",""endDate"":""""}],""country"":""United States"",""ownerId"":""l.patterson@nodalpoint.io"",""enriched"":false,""occupancy"":"""",""postal_code"":""75090"",""import_batch"":""2026-04-27T18:02:15.334Z"",""headcount_max"":350,""headcount_min"":350,""headcount_raw"":""350"",""import_source"":""bulk_import_contact"",""annual_revenue"":""2500000"",""headcount_label"":""350"",""headcount_source"":""bulk_import_contact"",""source_company_fields"":{""sic_code"":""4899"",""company_city"":""Sherman"",""company_state"":""Texas"",""company_country"":""United States"",""company_phone_1"":""800.527.3295"",""company_industry"":""Machinery"",""company_location"":""1201 E Pecan St, Sherman, TX 75090, United States"",""company_post_code"":""75090"",""company_state_abbr"":""TX"",""company_description"":""Trident Solutions is a combination of multiple top industry leaders.  Leaders in marking products, engineered films, utility location, damage prevention, Wire & Cable, identification, and much more.\nOur world is full of innovative industries, but they need equally innovative ways to stay safe. That is why Trident Solutions exists. That’s why we work to make an impact every day. That’s why we make products that save lives. \n•\tPresco\n•\tPro-Line Safety Products\n•\tWilliam Frick & Company\n•\tRhino Marking & Protection\n•\tLEM Products Inc\nFive Industry leader - One Shared Vision\nInnovation - Protection - Identification"",""company_staff_count"":""350"",""company_founded_date"":""1967"",""company_name_cleaned"":""Presco"",""company_revenue_range"":""$1M - $5M"",""company_annual_revenue"":""2500000"",""company_li_profile_url"":""https://www.linkedin.com/company/trident-solutions-co"",""company_website_domain"":""tridentproducts.com"",""company_country_alpha_2"":""US"",""company_country_alpha_3"":""USA"",""company_country_numeric"":""840"",""company_staff_count_range"":""201 - 500 employees""}}",,,,,,,,,,,,idle,
8a8c5bf5-0191-4a27-afae-fa35ed2b78d4,Puffer-Sweiven,puffer.com,puffer.com,Machinery,active,750,75000000,"For over 70 years, Puffer-Sweiven has set the standard in equipment and services for process control, automation, safety, and reliability.  We help process-intensive facilities run more efficiently and safely by delivering quality products, technical support, and knowledgeable staff to implement the needed process solutions — with the goal of exceeding customer expectations.   Our dedication brings the most advanced products and services to our customers throughout the Central and Gulf Coast regions of Texas.  As a Local Business Partner of Emerson, we offer a broad base of superior solutions including the top product lines for a given application.   We take pride in the supportive environment we cultivate for our employees. Service awards, employee excellence awareness, and a family-oriented culture have contributed to an average employment tenure of over 8 years.    Empowering employees with ownership and a strong company culture, are what drive exceptional employee performance. This results in our capacity to deliver excellent customer service, and the ability to meet and exceed expectations one project at a time.",,+1 (281)-240-2000,https://www.linkedin.com/company/puffer-sweiven,"4230 Greenbriar Drive, Stafford, TX 77477, United States",Stafford,Texas,77477,United States,,,,,"[{""city"":""Stafford"",""type"":""headquarters"",""state"":""Texas"",""address"":""4230 Greenbriar Drive, Stafford, TX 77477, United States"",""country"":""United States"",""isPrimary"":true}]",l.patterson@nodalpoint.io,,2026-04-27T18:27:47.552523+00:00,2026-06-09T17:36:32.921829+00:00,"{""sqft"":"""",""meters"":[{""id"":""f74aeb76-bdb8-4181-8ae1-c86bd1dedee2"",""rate"":"""",""esiId"":"""",""address"":""4230 Greenbriar Drive, Stafford, TX 77477, United States"",""endDate"":""""}],""country"":""United States"",""ownerId"":""l.patterson@nodalpoint.io"",""enriched"":false,""occupancy"":"""",""postal_code"":""77477"",""import_batch"":""2026-04-27T18:27:46.910Z"",""headcount_max"":750,""headcount_min"":750,""headcount_raw"":""750"",""import_source"":""bulk_import_contact"",""annual_revenue"":""75000000"",""headcount_label"":""750"",""headcount_source"":""bulk_import_contact"",""source_company_fields"":{""sic_code"":""5084"",""naics_code"":""486"",""company_city"":""Stafford"",""company_state"":""Texas"",""company_country"":""United States"",""company_phone_1"":""281.240.2000"",""company_industry"":""Machinery"",""company_location"":""4230 Greenbriar Drive, Stafford, TX 77477, United States"",""company_post_code"":""77477"",""company_state_abbr"":""TX"",""company_description"":""For over 70 years, Puffer-Sweiven has set the standard in equipment and services for process control, automation, safety, and reliability.  We help process-intensive facilities run more efficiently and safely by delivering quality products, technical support, and knowledgeable staff to implement the needed process solutions — with the goal of exceeding customer expectations.\r\n \r\nOur dedication brings the most advanced products and services to our customers throughout the Central and Gulf Coast regions of Texas.  As a Local Business Partner of Emerson, we offer a broad base of superior solutions including the top product lines for a given application.\r\n \r\nWe take pride in the supportive environment we cultivate for our employees. Service awards, employee excellence awareness, and a family-oriented culture have contributed to an average employment tenure of over 8 years. \r\n \r\nEmpowering employees with ownership and a strong company culture, are what drive exceptional employee performance. This results in our capacity to deliver excellent customer service, and the ability to meet and exceed expectations one project at a time."",""company_staff_count"":""750"",""company_founded_date"":""1945"",""company_name_cleaned"":""Puffer-Sweiven"",""company_revenue_range"":""$50M - $100M"",""company_annual_revenue"":""75000000"",""company_li_profile_url"":""https://www.linkedin.com/company/puffer-sweiven"",""company_website_domain"":""puffer.com"",""company_country_alpha_2"":""US"",""company_country_alpha_3"":""USA"",""company_country_numeric"":""840"",""company_staff_count_range"":""501 - 1,000 employees""}}",,,,,,,,,,,,idle,
f938c0a1-d22f-4411-b52d-ab9e3f2dbe07,Purvis Industries,purvisindustries.com,purvisindustries.com,Wholesale,active,750,300000000,"As the leadership organization for twelve strategic business units, Purvis Industries is well equipped to ensure our customers get the right products for the right applications – delivered by one company that can manage it all. From our unmatched engineering and expertise to our top-quality products from leading suppliers to our complete array of best-in-class services, Purvis Industries truly is the total solutions leader. Our customers demand nothing less.",,+1 (214)-358-5500,https://www.linkedin.com/company/purvis-industries,"10500 North Stemmons Freeway, Dallas, TX 75220, United States",Dallas,Texas,75220,United States,,,,,"[{""city"":""Dallas"",""type"":""headquarters"",""state"":""Texas"",""address"":""10500 North Stemmons Freeway, Dallas, TX 75220, United States"",""country"":""United States"",""isPrimary"":true}]",l.patterson@nodalpoint.io,,2026-04-27T18:14:04.371874+00:00,2026-06-09T17:36:32.921829+00:00,"{""sqft"":"""",""meters"":[{""id"":""234afe0d-fe84-4f33-99bf-c849409093c5"",""rate"":"""",""esiId"":"""",""address"":""10500 North Stemmons Freeway, Dallas, TX 75220, United States"",""endDate"":""""}],""country"":""United States"",""ownerId"":""l.patterson@nodalpoint.io"",""enriched"":false,""occupancy"":"""",""postal_code"":""75220"",""import_batch"":""2026-04-27T18:28:02.328Z"",""headcount_max"":750,""headcount_min"":750,""headcount_raw"":""750"",""import_source"":""bulk_import_contact"",""annual_revenue"":""300000000"",""headcount_label"":""750"",""headcount_source"":""bulk_import_contact"",""source_company_fields"":{""sic_code"":""5085"",""naics_code"":""23"",""company_city"":""Dallas"",""company_state"":""Texas"",""company_country"":""United States"",""company_phone_1"":""214.358.5500"",""company_industry"":""Wholesale"",""company_location"":""10500 North Stemmons Freeway, Dallas, TX 75220, United States"",""company_post_code"":""75220"",""company_state_abbr"":""TX"",""company_description"":""As the leadership organization for twelve strategic business units, Purvis Industries is well equipped to ensure our customers get the right products for the right applications – delivered by one company that can manage it all. From our unmatched engineering and expertise to our top-quality products from leading suppliers to our complete array of best-in-class services, Purvis Industries truly is the total solutions leader. Our customers demand nothing less."",""company_staff_count"":""750"",""company_founded_date"":""1945"",""company_name_cleaned"":""Purvis Industries"",""company_revenue_range"":""$100M - $500M"",""company_annual_revenue"":""300000000"",""company_li_profile_url"":""https://www.linkedin.com/company/purvis-industries"",""company_website_domain"":""purvisindustries.com"",""company_country_alpha_2"":""US"",""company_country_alpha_3"":""USA"",""company_country_numeric"":""840"",""company_staff_count_range"":""501 - 1,000 employees""}}",,,,,,,,,,,,idle,
71875001-3b0e-4c76-8199-dbc4de1ba693,Quality Sausage Company,qualitysausage.com,qualitysausage.com,Food Production,active,125,75000000,"Quality Sausage Company (QSC) was founded in 1976 in Dallas, Texas. Through the subsequent years, we recognized our nation’s fast-growing demands for consumer pre-cooked food products and the rapid expansion of the restaurant chain industry. Both of these create an emerging market for custom and proprietary cooked meats.",,+1 (214)-634-3400,https://www.linkedin.com/company/quality-sausage-company,"1925 Lone Star Drive, Dallas, TX 75212, United States",Dallas,Texas,75212,United States,,,,,"[{""city"":""Dallas"",""type"":""headquarters"",""state"":""Texas"",""address"":""1925 Lone Star Drive, Dallas, TX 75212, United States"",""country"":""United States"",""isPrimary"":true}]",l.patterson@nodalpoint.io,,2026-04-27T18:23:00.422403+00:00,2026-06-09T17:36:32.921829+00:00,"{""sqft"":"""",""meters"":[{""id"":""3101b885-3fe3-4e26-873b-25f8797ea210"",""rate"":"""",""esiId"":"""",""address"":""1925 Lone Star Drive, Dallas, TX 75212, United States"",""endDate"":""""}],""country"":""United States"",""ownerId"":""l.patterson@nodalpoint.io"",""enriched"":false,""occupancy"":"""",""postal_code"":""75212"",""import_batch"":""2026-04-27T18:25:27.067Z"",""headcount_max"":125,""headcount_min"":125,""headcount_raw"":""125"",""import_source"":""bulk_import_contact"",""annual_revenue"":""75000000"",""headcount_label"":""125"",""headcount_source"":""bulk_import_contact"",""source_company_fields"":{""sic_code"":""2013"",""naics_code"":""722"",""company_city"":""Dallas"",""company_state"":""Texas"",""company_country"":""United States"",""company_phone_1"":""214.634.3400"",""company_industry"":""Food Production"",""company_location"":""1925 Lone Star Drive, Dallas, TX 75212, United States"",""company_post_code"":""75212"",""company_state_abbr"":""TX"",""company_description"":""Quality Sausage Company (QSC) was founded in 1976 in Dallas, Texas. Through the subsequent years, we recognized our nation’s fast-growing demands for consumer pre-cooked food products and the rapid expansion of the restaurant chain industry. Both of these create an emerging market for custom and proprietary cooked meats."",""company_staff_count"":""125"",""company_founded_date"":""1976"",""company_name_cleaned"":""Quality Sausage Company"",""company_revenue_range"":""$50M - $100M"",""company_annual_revenue"":""75000000"",""company_li_profile_url"":""https://www.linkedin.com/company/quality-sausage-company"",""company_website_domain"":""qualitysausage.com"",""company_country_alpha_2"":""US"",""company_country_alpha_3"":""USA"",""company_country_numeric"":""840"",""company_staff_count_range"":""51 - 200 employees""}}",,,,,,,,,,,,idle,
5098083f-d295-45f3-a637-3172eb2621e0,Rextac LLC,rextac.com,rextac.com,Chemicals,active,125,17000000,"REXtac, LLC is focused on one thing – providing turnkey APAO (Amorphous PolyAlpha Olefin) solutions for clients worldwide.  Dating back to our inception in 1986, REXtac APAO has been recognized as an industry leading, high quality polymer capable of satisfying a wide range of applications and adhesive needs. REXtac polymers are available in three primary grades: •	Propylene homopolymers •	Ethylene-propylene copolymers •	Butene-propylene copolymers  OUR TECHNOLOGY Produced in our Odessa, Texas facility, REXtac polymers are on-purpose, reactor-produced polyolefins. REXtac APAO is produced with REXtac, LLC’s proprietary catalyst and Liquid Pool production process, which provides you the broadest range of physical and performance properties available in a polymer. REXtac polymers combine the unique characteristics of amorphous and low molecular weight properties with the easy processing of a polyolefin. This means you benefit from a custom polymer designed to meet your specific application and manufacturing specifications whether used neat or in formulations.  YOUR PROPERTIES Our flexible process technology at REXtac is superior in its ability to be modified, combined and blended to meet the most exact specifications for your application. REXtac APAO is simple to use and compatible with a wide variety of materials.  REXtac, LLC is excited to partner with you in creating customized solutions for your most challenging adhesive needs!",,+1 (432)-332-0058,https://www.linkedin.com/company/rextac-llc,"2501 South Grandview Avenue, Odessa, TX 79766, United States",Odessa,Texas,79766,United States,,,,,"[{""city"":""Odessa"",""type"":""headquarters"",""state"":""Texas"",""address"":""2501 South Grandview Avenue, Odessa, TX 79766, United States"",""country"":""United States"",""isPrimary"":true}]",l.patterson@nodalpoint.io,,2026-04-27T18:05:58.80599+00:00,2026-06-09T17:36:32.921829+00:00,"{""sqft"":"""",""meters"":[{""id"":""0da90b98-83e3-4ce4-a117-e5a852b62757"",""rate"":"""",""esiId"":"""",""address"":""2501 South Grandview Avenue, Odessa, TX 79766, United States"",""endDate"":""""}],""country"":""United States"",""ownerId"":""l.patterson@nodalpoint.io"",""enriched"":false,""occupancy"":"""",""postal_code"":""79766"",""import_batch"":""2026-04-27T18:22:43.712Z"",""headcount_max"":125,""headcount_min"":125,""headcount_raw"":""125"",""import_source"":""bulk_import_contact"",""annual_revenue"":""17000000"",""headcount_label"":""125"",""headcount_source"":""bulk_import_contact"",""source_company_fields"":{""sic_code"":""2671"",""naics_code"":""5416"",""company_city"":""Odessa"",""company_state"":""Texas"",""company_country"":""United States"",""company_phone_1"":""432.332.0058"",""company_industry"":""Chemicals"",""company_location"":""2501 South Grandview Avenue, Odessa, TX 79766, United States"",""company_post_code"":""79766"",""company_state_abbr"":""TX"",""company_description"":""REXtac, LLC is focused on one thing – providing turnkey APAO (Amorphous PolyAlpha Olefin) solutions for clients worldwide.  Dating back to our inception in 1986, REXtac APAO has been recognized as an industry leading, high quality polymer capable of satisfying a wide range of applications and adhesive needs.\r\nREXtac polymers are available in three primary grades:\r\n•\tPropylene homopolymers\r\n•\tEthylene-propylene copolymers\r\n•\tButene-propylene copolymers\r\n\r\nOUR TECHNOLOGY\r\nProduced in our Odessa, Texas facility, REXtac polymers are on-purpose, reactor-produced polyolefins. REXtac APAO is produced with REXtac, LLC’s proprietary catalyst and Liquid Pool production process, which provides you the broadest range of physical and performance properties available in a polymer. REXtac polymers combine the unique characteristics of amorphous and low molecular weight properties with the easy processing of a polyolefin. This means you benefit from a custom polymer designed to meet your specific application and manufacturing specifications whether used neat or in formulations.\r\n\r\nYOUR PROPERTIES\r\nOur flexible process technology at REXtac is superior in its ability to be modified, combined and blended to meet the most exact specifications for your application. REXtac APAO is simple to use and compatible with a wide variety of materials.\r\n\r\nREXtac, LLC is excited to partner with you in creating customized solutions for your most challenging adhesive needs!"",""company_staff_count"":""125"",""company_founded_date"":""1984"",""company_name_cleaned"":""Rextac LLC"",""company_revenue_range"":""$5M - $20M"",""company_annual_revenue"":""17000000"",""company_li_profile_url"":""https://www.linkedin.com/company/rextac-llc"",""company_website_domain"":""rextac.com"",""company_country_alpha_2"":""US"",""company_country_alpha_3"":""USA"",""company_country_numeric"":""840"",""company_staff_count_range"":""51 - 200 employees""}}",,,,,,,,,,,,idle,
09fd45d6-39a9-4965-9dd5-9aeed561dc51,Royal Manufacturing,royal-mfg.com,royal-mfg.com,Building Materials,active,125,300000000,"Royal Manufacturing is an integrated provider of building products for the kitchen and bathroom. The company manufactures and distributes a variety of product offerings for the bath space including acrylic tubs for all designs, as well as shower pans. Royal Manufacturing also fabricates and installs custom countertops with a broad product offering including granite, engineered marble, quartz and solid surfaces. Royal Manufacturing has partnered with America’s largest homebuilders for almost 50 years and has built a lasting reputation for value, quality, and service. During this period, the company has expanded manufacturing and distribution facilities and is strategically located throughout Texas, Florida and the Carolinas. Royal Manufacturing's unique ability to provide products and services for both residential and commercial markets makes it an ideal fit for all kitchen and bath needs.",,+1 (281)-442-3400,https://www.linkedin.com/company/royalmfg,"14635 Chrisman Road, Houston, TX 77039, United States",Houston,Texas,77039,United States,,,,,"[{""city"":""Houston"",""type"":""headquarters"",""state"":""Texas"",""address"":""14635 Chrisman Road, Houston, TX 77039, United States"",""country"":""United States"",""isPrimary"":true}]",l.patterson@nodalpoint.io,,2026-04-27T18:20:26.639101+00:00,2026-06-09T17:36:32.921829+00:00,"{""sqft"":"""",""meters"":[{""id"":""ce1c4884-9057-40d2-b677-76546e10977f"",""rate"":"""",""esiId"":"""",""address"":""14635 Chrisman Road, Houston, TX 77039, United States"",""endDate"":""""}],""country"":""United States"",""ownerId"":""l.patterson@nodalpoint.io"",""enriched"":false,""occupancy"":"""",""postal_code"":""77039"",""import_batch"":""2026-04-27T18:22:57.450Z"",""headcount_max"":125,""headcount_min"":125,""headcount_raw"":""125"",""import_source"":""bulk_import_contact"",""annual_revenue"":""300000000"",""headcount_label"":""125"",""headcount_source"":""bulk_import_contact"",""source_company_fields"":{""sic_code"":""3842"",""naics_code"":""32412"",""company_city"":""Houston"",""company_state"":""Texas"",""company_country"":""United States"",""company_phone_1"":""281.442.3400"",""company_industry"":""Building Materials"",""company_location"":""14635 Chrisman Road, Houston, TX 77039, United States"",""company_post_code"":""77039"",""company_state_abbr"":""TX"",""company_description"":""Royal Manufacturing is an integrated provider of building products for the kitchen and bathroom. The company manufactures and distributes a variety of product offerings for the bath space including acrylic tubs for all designs, as well as shower pans. Royal Manufacturing also fabricates and installs custom countertops with a broad product offering including granite, engineered marble, quartz and solid surfaces.\nRoyal Manufacturing has partnered with America’s largest homebuilders for almost 50 years and has built a lasting reputation for value, quality, and service. During this period, the company has expanded manufacturing and distribution facilities and is strategically located throughout Texas, Florida and the Carolinas. Royal Manufacturing's unique ability to provide products and services for both residential and commercial markets makes it an ideal fit for all kitchen and bath needs."",""company_staff_count"":""125"",""company_founded_date"":""1969"",""company_name_cleaned"":""Royal Manufacturing"",""company_revenue_range"":""$100M - $500M"",""company_annual_revenue"":""300000000"",""company_li_profile_url"":""https://www.linkedin.com/company/royalmfg"",""company_website_domain"":""royal-mfg.com"",""company_country_alpha_2"":""US"",""company_country_alpha_3"":""USA"",""company_country_numeric"":""840"",""company_staff_count_range"":""51 - 200 employees""}}",,,,,,,,,,,,idle,
8772def0-df98-4a17-a36b-e69aa1db9038,Russell & Smith Honda,russellsmith.com,russellsmith.com,Automotive,active,125,300000000,Honda automobiles,,+1 (713)-663-4111,https://www.linkedin.com/company/russell-&-smith-honda,"2900 South Loop West, Houston, TX 77054, United States",Houston,Texas,77054,United States,,,,,"[{""city"":""Houston"",""type"":""headquarters"",""state"":""Texas"",""address"":""2900 South Loop West, Houston, TX 77054, United States"",""country"":""United States"",""isPrimary"":true}]",l.patterson@nodalpoint.io,,2026-04-27T18:11:41.386367+00:00,2026-06-09T17:36:32.921829+00:00,"{""sqft"":"""",""meters"":[{""id"":""5289e5ec-40b9-4721-96ab-0801e2ee1af9"",""rate"":"""",""esiId"":"""",""address"":""2900 South Loop West, Houston, TX 77054, United States"",""endDate"":""""}],""country"":""United States"",""ownerId"":""l.patterson@nodalpoint.io"",""enriched"":false,""occupancy"":"""",""postal_code"":""77054"",""import_batch"":""2026-04-27T18:22:35.299Z"",""headcount_max"":125,""headcount_min"":125,""headcount_raw"":""125"",""import_source"":""bulk_import_contact"",""annual_revenue"":""300000000"",""headcount_label"":""125"",""headcount_source"":""bulk_import_contact"",""source_company_fields"":{""sic_code"":""5511"",""naics_code"":""4231"",""company_city"":""Houston"",""company_state"":""Texas"",""company_country"":""United States"",""company_phone_1"":""713.663.4111"",""company_industry"":""Automotive"",""company_location"":""2900 South Loop West, Houston, TX 77054, United States"",""company_post_code"":""77054"",""company_state_abbr"":""TX"",""company_description"":""Honda automobiles"",""company_staff_count"":""125"",""company_founded_date"":""1917"",""company_name_cleaned"":""Russell & Smith Honda"",""company_revenue_range"":""$100M - $500M"",""company_annual_revenue"":""300000000"",""company_li_profile_url"":""https://www.linkedin.com/company/russell-&-smith-honda"",""company_website_domain"":""russellsmith.com"",""company_country_alpha_2"":""US"",""company_country_alpha_3"":""USA"",""company_country_numeric"":""840"",""company_staff_count_range"":""51 - 200 employees""}}",,,,,,,,,,,,idle,
23d3bb5e-2c6d-4962-94ee-e948352cefe5,Service Steel Warehouse Co. Lp.,servicesteel.org,servicesteel.org,Mining & Metals,active,125,75000000,"Service Steel Warehouse is a full-service, independent,  structural carbon steel distributor serving customers in the United States and internationally. Located next to the Houston Ship Channel with rail access to the Port of Houston and the mainland, Service Steel uses its efficient transportation system to ship steel around the globe. Our expansive inventory, competitive pricing, and intense commitment to customer satisfaction form the foundation of our growth as an industry leader since 1965. By focusing on our customers’ individualized steel needs, we provide them with high-quality products and services at a competitive price. Next-day shipping is available for customers in many of our markets.",,+1 (713)-675-2631,https://www.linkedin.com/company/service-steel-warehouse-co-l-p,"8415 Clinton Drive, Houston, TX 77029, United States",Houston,Texas,77029,United States,,,,,"[{""city"":""Houston"",""type"":""headquarters"",""state"":""Texas"",""address"":""8415 Clinton Drive, Houston, TX 77029, United States"",""country"":""United States"",""isPrimary"":true}]",l.patterson@nodalpoint.io,,2026-04-27T18:04:51.539254+00:00,2026-06-09T17:36:32.921829+00:00,"{""sqft"":"""",""meters"":[{""id"":""ad6b66b5-8d58-4a2f-8ed6-f77d0546abe0"",""rate"":"""",""esiId"":"""",""address"":""8415 Clinton Drive, Houston, TX 77029, United States"",""endDate"":""""}],""country"":""United States"",""ownerId"":""l.patterson@nodalpoint.io"",""enriched"":false,""occupancy"":"""",""postal_code"":""77029"",""import_batch"":""2026-04-27T18:06:10.383Z"",""headcount_max"":125,""headcount_min"":125,""headcount_raw"":""125"",""import_source"":""bulk_import_contact"",""annual_revenue"":""75000000"",""headcount_label"":""125"",""headcount_source"":""bulk_import_contact"",""source_company_fields"":{""sic_code"":""5051"",""naics_code"":""21"",""company_city"":""Houston"",""company_state"":""Texas"",""company_country"":""United States"",""company_phone_1"":""713.675.2631"",""company_industry"":""Mining & Metals"",""company_location"":""8415 Clinton Drive, Houston, TX 77029, United States"",""company_post_code"":""77029"",""company_state_abbr"":""TX"",""company_description"":""Service Steel Warehouse is a full-service, independent,  structural carbon steel distributor serving customers in the United States and internationally. Located next to the Houston Ship Channel with rail access to the Port of Houston and the mainland, Service Steel uses its efficient transportation system to ship steel around the globe. Our expansive inventory, competitive pricing, and intense commitment to customer satisfaction form the foundation of our growth as an industry leader since 1965.\nBy focusing on our customers’ individualized steel needs, we provide them with high-quality products and services at a competitive price. Next-day shipping is available for customers in many of our markets."",""company_staff_count"":""125"",""company_founded_date"":""1965"",""company_name_cleaned"":""Service Steel Warehouse Co. Lp."",""company_revenue_range"":""$50M - $100M"",""company_annual_revenue"":""75000000"",""company_li_profile_url"":""https://www.linkedin.com/company/service-steel-warehouse-co-l-p"",""company_website_domain"":""servicesteel.org"",""company_country_alpha_2"":""US"",""company_country_alpha_3"":""USA"",""company_country_numeric"":""840"",""company_staff_count_range"":""51 - 200 employees""}}",,,,,,,,,,,,idle,
b82e7376-c40e-4e51-a12a-96f9af2ebc85,Source One Spares,sourceonespares.com,sourceonespares.com,Aviation & Aerospace,active,125,17000000,"Source One Spares, established in 1997, specializes in the ""just-in-time"" refurbished actuation, airframe, avionics, engine, interior, landing gear, nacelle and safety components to commercial aircraft operators around the world. From individual spare parts to comprehensive end-to-end supply chain management programs and government contracts, Source One Spares provides total logistical solutions marked by highly personalized service, fast turnaround times and solid performance guarantees. In addition to our program management capabilities, we maintain an extensive inventory of new and refurbished parts for virtually every type of aircraft in operation today. Our customized aviation supply chain services are tailored to fit your needs, helping to reduce costs, increase parts availability, shorten lead times and minimize downtime. We’re hiring! Source One Spares is actively looking for dynamic, team-oriented individuals who will “over-service the customer and out-service the competition.” Visit our website, or contact us today to learn more about current openings: hr@sourceonespares.com.",,+1 (832)-364-6800,https://www.linkedin.com/company/source-one-spares,"12121 Wickchester Ln Suite 725, Houston, TX 77079, United States",Houston,Texas,77079,United States,,,,,"[{""city"":""Houston"",""type"":""headquarters"",""state"":""Texas"",""address"":""12121 Wickchester Ln Suite 725, Houston, TX 77079, United States"",""country"":""United States"",""isPrimary"":true}]",l.patterson@nodalpoint.io,,2026-04-27T18:02:53.327827+00:00,2026-06-09T17:36:32.921829+00:00,"{""sqft"":"""",""meters"":[{""id"":""ddd913ac-d4fe-4551-9f25-460d6460b607"",""rate"":"""",""esiId"":"""",""address"":""12121 Wickchester Ln Suite 725, Houston, TX 77079, United States"",""endDate"":""""}],""country"":""United States"",""ownerId"":""l.patterson@nodalpoint.io"",""enriched"":false,""occupancy"":"""",""postal_code"":""77079"",""import_batch"":""2026-04-27T18:25:15.356Z"",""headcount_max"":125,""headcount_min"":125,""headcount_raw"":""125"",""import_source"":""bulk_import_contact"",""annual_revenue"":""17000000"",""headcount_label"":""125"",""headcount_source"":""bulk_import_contact"",""source_company_fields"":{""sic_code"":""5088"",""naics_code"":""481"",""company_city"":""Houston"",""company_state"":""Texas"",""company_country"":""United States"",""company_phone_1"":""832.364.6800"",""company_industry"":""Aviation & Aerospace"",""company_location"":""12121 Wickchester Ln Suite 725, Houston, TX 77079, United States"",""company_post_code"":""77079"",""company_state_abbr"":""TX"",""company_description"":""Source One Spares, established in 1997, specializes in the \""just-in-time\"" refurbished actuation, airframe, avionics, engine, interior, landing gear, nacelle and safety components to commercial aircraft operators around the world.\nFrom individual spare parts to comprehensive end-to-end supply chain management programs and government contracts, Source One Spares provides total logistical solutions marked by highly personalized service, fast turnaround times and solid performance guarantees.\nIn addition to our program management capabilities, we maintain an extensive inventory of new and refurbished parts for virtually every type of aircraft in operation today.\nOur customized aviation supply chain services are tailored to fit your needs, helping to reduce costs, increase parts availability, shorten lead times and minimize downtime.\nWe’re hiring! Source One Spares is actively looking for dynamic, team-oriented individuals who will “over-service the customer and out-service the competition.” Visit our website, or contact us today to learn more about current openings: hr@sourceonespares.com."",""company_staff_count"":""125"",""company_founded_date"":""1997"",""company_name_cleaned"":""Source One Spares"",""company_revenue_range"":""$5M - $20M"",""company_annual_revenue"":""17000000"",""company_li_profile_url"":""https://www.linkedin.com/company/source-one-spares"",""company_website_domain"":""sourceonespares.com"",""company_country_alpha_2"":""US"",""company_country_alpha_3"":""USA"",""company_country_numeric"":""840"",""company_staff_count_range"":""51 - 200 employees""}}",,,,,,,,,,,,idle,
7d9376d8-c9f8-4d17-9b14-53d82bd31c45,Stellar BLU Solutions,stellar-blu.com,stellar-blu.com,Airlines & Aviation,active,125,17000000,"Gilat Stellar Blu is a leader in the development of cutting-edge connectivity, network and avionics solutions for next generation satellite networks. Our customers include many of the industry's leading connectivity network and service providers, including Intelsat, Inmarsat, OneWeb, Panasonic and SatcomDirect.",,+1 (949)-394-1171,https://www.linkedin.com/company/stellar-blu,"4925 Greenville Avenue, Dallas, TX 75206, United States",Dallas,Texas,75206,United States,,,,,"[{""city"":""Dallas"",""type"":""headquarters"",""state"":""Texas"",""address"":""4925 Greenville Avenue, Dallas, TX 75206, United States"",""country"":""United States"",""isPrimary"":true}]",l.patterson@nodalpoint.io,,2026-04-27T18:00:44.347928+00:00,2026-06-09T17:36:32.921829+00:00,"{""sqft"":"""",""meters"":[{""id"":""ccdc3e0d-dcba-49fc-a0e1-26a5d131ac08"",""rate"":"""",""esiId"":"""",""address"":""235 Bowles Road, Agawam, MA 01001, United States"",""endDate"":""""}],""country"":""United States"",""ownerId"":""l.patterson@nodalpoint.io"",""enriched"":false,""occupancy"":"""",""postal_code"":""75206"",""import_batch"":""2026-04-27T18:10:46.538Z"",""headcount_max"":125,""headcount_min"":125,""headcount_raw"":""125"",""import_source"":""bulk_import_contact"",""annual_revenue"":""17000000"",""headcount_label"":""125"",""headcount_source"":""bulk_import_contact"",""source_company_fields"":{""sic_code"":""3721"",""naics_code"":""481"",""company_city"":""Dallas"",""company_state"":""Texas"",""company_country"":""United States"",""company_phone_1"":""949.394.1171"",""company_industry"":""Airlines & Aviation"",""company_location"":""4925 Greenville Avenue, Dallas, TX 75206, United States"",""company_post_code"":""75206"",""company_state_abbr"":""TX"",""company_description"":""Gilat Stellar Blu is a leader in the development of cutting-edge connectivity, network and avionics solutions for next generation satellite networks.\nOur customers include many of the industry's leading connectivity network and service providers, including Intelsat, Inmarsat, OneWeb, Panasonic and SatcomDirect."",""company_staff_count"":""125"",""company_name_cleaned"":""Stellar BLU Solutions"",""company_revenue_range"":""$5M - $20M"",""company_annual_revenue"":""17000000"",""company_li_profile_url"":""https://www.linkedin.com/company/stellar-blu"",""company_website_domain"":""stellar-blu.com"",""company_country_alpha_2"":""US"",""company_country_alpha_3"":""USA"",""company_country_numeric"":""840"",""company_staff_count_range"":""51 - 200 employees""}}",,,,,,,,,,,,idle,
bccacaec-1f73-43d1-8a18-e756abe96541,Structural Steel Products Corp.,s-steel.com,s-steel.com,Mining & Metals,active,125,17000000,Western Manufacturing custom fabricates modular structural steel products and innovative solutions to address challenges and opportunities in the field.,,+1 (817)-332-7417,https://www.linkedin.com/company/structural-steel-products-corp,"1320 South University Drive, Fort Worth, TX 76107, United States",Fort Worth,Texas,76107,United States,,,,,"[{""city"":""Fort Worth"",""type"":""headquarters"",""state"":""Texas"",""address"":""1320 South University Drive, Fort Worth, TX 76107, United States"",""country"":""United States"",""isPrimary"":true}]",l.patterson@nodalpoint.io,,2026-04-27T18:22:50.985003+00:00,2026-06-09T17:36:32.921829+00:00,"{""sqft"":"""",""meters"":[{""id"":""8a590f2c-8743-43b8-ab60-d354a36b528b"",""rate"":"""",""esiId"":"""",""address"":""1320 South University Drive, Fort Worth, TX 76107, United States"",""endDate"":""""}],""country"":""United States"",""ownerId"":""l.patterson@nodalpoint.io"",""enriched"":false,""occupancy"":"""",""postal_code"":""76107"",""import_batch"":""2026-04-27T18:26:11.079Z"",""headcount_max"":125,""headcount_min"":125,""headcount_raw"":""125"",""import_source"":""bulk_import_contact"",""annual_revenue"":""17000000"",""headcount_label"":""125"",""headcount_source"":""bulk_import_contact"",""source_company_fields"":{""sic_code"":""3441"",""naics_code"":""23"",""company_city"":""Fort Worth"",""company_state"":""Texas"",""company_country"":""United States"",""company_phone_1"":""817.332.7417"",""company_industry"":""Mining & Metals"",""company_location"":""1320 South University Drive, Fort Worth, TX 76107, United States"",""company_post_code"":""76107"",""company_state_abbr"":""TX"",""company_description"":""Western Manufacturing custom fabricates modular structural steel products and innovative solutions to address challenges and opportunities in the field."",""company_staff_count"":""125"",""company_founded_date"":""1969"",""company_name_cleaned"":""Structural Steel Products Corp."",""company_revenue_range"":""$5M - $20M"",""company_annual_revenue"":""17000000"",""company_li_profile_url"":""https://www.linkedin.com/company/structural-steel-products-corp"",""company_website_domain"":""s-steel.com"",""company_country_alpha_2"":""US"",""company_country_alpha_3"":""USA"",""company_country_numeric"":""840"",""company_staff_count_range"":""51 - 200 employees""}}",,,,,,,,,,,,idle,
96d40259-5d4d-4ab9-9a52-bfe32c8848a8,STX Beef Company,stxbeef.com,stxbeef.com,Food Production,active,350,300000000,"As a predominant regional supplier of quality beef, STX Beef is able to fulfill our customers’ needs while simultaneously offering customized solutions along with high-touch customer service. As part of our dedication to developing long-lasting customer relationships, we strive to serve as problem solvers and be nimble and responsive. Our comprehensive product offering includes our premium Angus beef as well as a consistent supply of boxed beef across USDA Prime, Choice and Select grades. Our state-of-the-art ground beef offering includes clipless chubs to help provide a point of differentiation.",,+1 (361)-241-5000,https://www.linkedin.com/company/stx-beef,"9001 Leopard Street, Corpus Christi, TX 78409, United States",Corpus Christi,Texas,78409,United States,,,,,"[{""city"":""Corpus Christi"",""type"":""headquarters"",""state"":""Texas"",""address"":""9001 Leopard Street, Corpus Christi, TX 78409, United States"",""country"":""United States"",""isPrimary"":true}]",l.patterson@nodalpoint.io,,2026-04-27T18:06:28.733016+00:00,2026-06-09T17:36:32.921829+00:00,"{""sqft"":"""",""meters"":[{""id"":""6cfdf9d4-9fbf-49a2-877b-644a206b0804"",""rate"":"""",""esiId"":"""",""address"":""9001 Leopard Street, Corpus Christi, TX 78409, United States"",""endDate"":""""}],""country"":""United States"",""ownerId"":""l.patterson@nodalpoint.io"",""enriched"":false,""occupancy"":"""",""postal_code"":""78409"",""import_batch"":""2026-04-27T18:06:28.555Z"",""headcount_max"":350,""headcount_min"":350,""headcount_raw"":""350"",""import_source"":""bulk_import_contact"",""annual_revenue"":""300000000"",""headcount_label"":""350"",""headcount_source"":""bulk_import_contact"",""source_company_fields"":{""sic_code"":""2011"",""naics_code"":""11"",""company_city"":""Corpus Christi"",""company_state"":""Texas"",""company_country"":""United States"",""company_phone_1"":""361.241.5000"",""company_industry"":""Food Production"",""company_location"":""9001 Leopard Street, Corpus Christi, TX 78409, United States"",""company_post_code"":""78409"",""company_state_abbr"":""TX"",""company_description"":""As a predominant regional supplier of quality beef, STX Beef is able to fulfill our customers’ needs while simultaneously offering customized solutions along with high-touch customer service. As part of our dedication to developing long-lasting customer relationships, we strive to serve as problem solvers and be nimble and responsive.\nOur comprehensive product offering includes our premium Angus beef as well as a consistent supply of boxed beef across USDA Prime, Choice and Select grades. Our state-of-the-art ground beef offering includes clipless chubs to help provide a point of differentiation."",""company_staff_count"":""350"",""company_founded_date"":""1949"",""company_name_cleaned"":""STX Beef Company"",""company_revenue_range"":""$100M - $500M"",""company_annual_revenue"":""300000000"",""company_li_profile_url"":""https://www.linkedin.com/company/stx-beef"",""company_website_domain"":""stxbeef.com"",""company_country_alpha_2"":""US"",""company_country_alpha_3"":""USA"",""company_country_numeric"":""840"",""company_staff_count_range"":""201 - 500 employees""}}",,,,,,,,,,,,idle,
4eb4b98a-cf07-420f-836a-9b95c3c62786,Synergy Equipment,synergyequip.com,synergyequip.com,Machinery,active,350,17000000,"Opifex-Synergy, our customers are our equipment partners. We understand builders because we were founded by builders. It is our goal to maximize your uptime on the job with the best equipment experience possible. We are in the people business...we just happen to live and breathe construction equipment.  Founded in 2012, Opifex-Synergy draws on our team members' decades of equipment experience to provide a level of service that is unmatched in our industry. As one of the fastest growing equipment companies in the nation,we are continuing our expansion to better serve you in additional markets where you are working now and in the future.  Opifex-Synergy provides a comprehensive spectrum of equipment solutions for earth moving, aerial access, material handling, compaction, water removal and trench safety. Our expert team supports the needs of general and specialty contractors, industrial plants, mining and landfill operations, government agencies, golf course developers and road builders.",,+1 (407)-273-7383,https://www.linkedin.com/company/synergy-equipment,"3616 Sam Rayburn Hwy, Melissa, TX 75454, United States",Melissa,Texas,75454,United States,,,,,"[{""city"":""Melissa"",""type"":""headquarters"",""state"":""Texas"",""address"":""3616 Sam Rayburn Hwy, Melissa, TX 75454, United States"",""country"":""United States"",""isPrimary"":true}]",l.patterson@nodalpoint.io,,2026-04-27T18:27:19.49173+00:00,2026-06-09T17:36:32.921829+00:00,"{""sqft"":"""",""meters"":[{""id"":""93a994d8-1117-4c6b-9019-146552dc30ec"",""rate"":"""",""esiId"":"""",""address"":""3616 Sam Rayburn Hwy, Melissa, TX 75454, United States"",""endDate"":""""}],""country"":""United States"",""ownerId"":""l.patterson@nodalpoint.io"",""enriched"":false,""occupancy"":"""",""postal_code"":""75454"",""import_batch"":""2026-04-27T18:27:18.803Z"",""headcount_max"":350,""headcount_min"":350,""headcount_raw"":""350"",""import_source"":""bulk_import_contact"",""annual_revenue"":""17000000"",""headcount_label"":""350"",""headcount_source"":""bulk_import_contact"",""source_company_fields"":{""sic_code"":""7359"",""naics_code"":""532"",""company_city"":""Melissa"",""company_state"":""Texas"",""company_country"":""United States"",""company_phone_1"":""407.273.7383"",""company_industry"":""Machinery"",""company_location"":""3616 Sam Rayburn Hwy, Melissa, TX 75454, United States"",""company_post_code"":""75454"",""company_state_abbr"":""TX"",""company_description"":""Opifex-Synergy, our customers are our equipment partners. We understand builders because we were founded by builders. It is our goal to maximize your uptime on the job with the best equipment experience possible. We are in the people business...we just happen to live and breathe construction equipment. \nFounded in 2012, Opifex-Synergy draws on our team members' decades of equipment experience to provide a level of service that is unmatched in our industry. As one of the fastest growing equipment companies in the nation,we are continuing our expansion to better serve you in additional markets where you are working now and in the future. \nOpifex-Synergy provides a comprehensive spectrum of equipment solutions for earth moving, aerial access, material handling, compaction, water removal and trench safety. Our expert team supports the needs of general and specialty contractors, industrial plants, mining and landfill operations, government agencies, golf course developers and road builders."",""company_staff_count"":""350"",""company_founded_date"":""2012"",""company_name_cleaned"":""Synergy Equipment"",""company_funding_total"":""1050000000"",""company_revenue_range"":""$5M - $20M"",""company_annual_revenue"":""17000000"",""company_li_profile_url"":""https://www.linkedin.com/company/synergy-equipment"",""company_website_domain"":""synergyequip.com"",""company_country_alpha_2"":""US"",""company_country_alpha_3"":""USA"",""company_country_numeric"":""840"",""company_staff_count_range"":""201 - 500 employees""}}",,,,,,,,,,,,idle,
b030f245-b70e-437b-a1f6-0f3266a3ccac,Tdl Group,tdlgroup.be,tdlgroup.be,Logistics & Supply Chain,active,350,300000000,"TDL Group is een dynamisch logistiek bedrijf met 800 goed opgeleide medewerkers verspreid over 5 vestigingen (Houthalen, Lummen, Willebroek (2) en Doornik).  Met een vloot van 350 trekkers en 500 opleggers en meer dan 35 000m² warehouse wordt er elke dag gestreefd naar maximale klantentevredenheid. Logistieke oplossingen op maat en flexibiliteit dankzij schaalgrootte zijn daarbij belangrijke troeven van TDL Group.",,+1 (321)-353-0480,https://www.linkedin.com/company/tdlgroup,"1101 Uptown Park Boulevard, Houston, TX 77056, United States",Houston,Texas,77056,United States,,,,,"[{""city"":""Houston"",""type"":""headquarters"",""state"":""Texas"",""address"":""1101 Uptown Park Boulevard, Houston, TX 77056, United States"",""country"":""United States"",""isPrimary"":true}]",l.patterson@nodalpoint.io,,2026-04-27T18:11:57.031245+00:00,2026-06-09T17:36:32.921829+00:00,"{""sqft"":"""",""meters"":[{""id"":""cfe76c71-8271-4f77-a28d-4f2b998662e5"",""rate"":"""",""esiId"":"""",""address"":""1101 Uptown Park Boulevard, Houston, TX 77056, United States"",""endDate"":""""}],""country"":""United States"",""ownerId"":""l.patterson@nodalpoint.io"",""enriched"":false,""occupancy"":"""",""postal_code"":""77056"",""import_batch"":""2026-04-27T18:11:56.658Z"",""headcount_max"":350,""headcount_min"":350,""headcount_raw"":""350"",""import_source"":""bulk_import_contact"",""annual_revenue"":""300000000"",""headcount_label"":""350"",""headcount_source"":""bulk_import_contact"",""source_company_fields"":{""sic_code"":""5812"",""naics_code"":""519"",""company_city"":""Houston"",""company_state"":""Texas"",""company_country"":""United States"",""company_phone_1"":""321.353.0480"",""company_industry"":""Logistics & Supply Chain"",""company_location"":""1101 Uptown Park Boulevard, Houston, TX 77056, United States"",""company_post_code"":""77056"",""company_state_abbr"":""TX"",""company_description"":""TDL Group is een dynamisch logistiek bedrijf met 800 goed opgeleide medewerkers verspreid over 5 vestigingen (Houthalen, Lummen, Willebroek (2) en Doornik). \nMet een vloot van 350 trekkers en 500 opleggers en meer dan 35 000m² warehouse wordt er elke dag gestreefd naar maximale klantentevredenheid. Logistieke oplossingen op maat en flexibiliteit dankzij schaalgrootte zijn daarbij belangrijke troeven van TDL Group."",""company_staff_count"":""350"",""company_founded_date"":""1980"",""company_name_cleaned"":""Tdl Group"",""company_revenue_range"":""$100M - $500M"",""company_annual_revenue"":""300000000"",""company_li_profile_url"":""https://www.linkedin.com/company/tdlgroup"",""company_website_domain"":""tdlgroup.be"",""company_country_alpha_2"":""US"",""company_country_alpha_3"":""USA"",""company_country_numeric"":""840"",""company_staff_count_range"":""201 - 500 employees""}}",,,,,,,,,,,,idle,
dda62b84-9ca6-4bf5-98e7-53e7562f226c,TestEquity LLC,testequity.com,testequity.com,Electrical & Electronic Manufacturing,active,350,2500000,"TestEquity is one of the industry’s largest authorized distributors of test & measurement solutions & production supplies. We stock the most solutions to help you design & build electronics. We understand highly-specialized technology demands highly-personalized service. Together, let’s put innovation to the test. 800-950-3457 www.testequity.com",,+1 (805)-498-9933,https://www.linkedin.com/company/testequity,"9151 Boulevard 26, North Richland Hills, TX 76180, United States",North Richland Hills,Texas,76180,United States,,,,,"[{""city"":""North Richland Hills"",""type"":""headquarters"",""state"":""Texas"",""address"":""9151 Boulevard 26, North Richland Hills, TX 76180, United States"",""country"":""United States"",""isPrimary"":true}]",l.patterson@nodalpoint.io,,2026-04-27T18:26:58.621736+00:00,2026-06-09T17:36:32.921829+00:00,"{""sqft"":"""",""meters"":[{""id"":""fc39cb8a-b03d-4e71-9a20-1b78d5a21c2b"",""rate"":"""",""esiId"":"""",""address"":""9151 Boulevard 26, North Richland Hills, TX 76180, United States"",""endDate"":""""}],""country"":""United States"",""ownerId"":""l.patterson@nodalpoint.io"",""enriched"":false,""occupancy"":"""",""postal_code"":""76180"",""import_batch"":""2026-04-27T18:26:57.727Z"",""headcount_max"":350,""headcount_min"":350,""headcount_raw"":""350"",""import_source"":""bulk_import_contact"",""annual_revenue"":""2500000"",""headcount_label"":""350"",""headcount_source"":""bulk_import_contact"",""source_company_fields"":{""sic_code"":""3825"",""naics_code"":""334"",""company_city"":""North Richland Hills"",""company_state"":""Texas"",""company_country"":""United States"",""company_phone_1"":""805.498.9933"",""company_industry"":""Electrical & Electronic Manufacturing"",""company_location"":""9151 Boulevard 26, North Richland Hills, TX 76180, United States"",""company_post_code"":""76180"",""company_state_abbr"":""TX"",""company_description"":""TestEquity is one of the industry’s largest authorized distributors of test & measurement solutions & production supplies. We stock the most solutions to help you design & build electronics. We understand highly-specialized technology demands highly-personalized service. Together, let’s put innovation to the test.\n800-950-3457\nwww.testequity.com"",""company_staff_count"":""350"",""company_founded_date"":""1971"",""company_name_cleaned"":""TestEquity LLC"",""company_revenue_range"":""$1M - $5M"",""company_annual_revenue"":""2500000"",""company_li_profile_url"":""https://www.linkedin.com/company/testequity"",""company_website_domain"":""testequity.com"",""company_country_alpha_2"":""US"",""company_country_alpha_3"":""USA"",""company_country_numeric"":""840"",""company_staff_count_range"":""201 - 500 employees""}}",,,,,,,,,,,,idle,
1696d815-1084-4b04-960e-ac68d934c5e6,TEX MIX Partners Ltd.,tex-mixconcrete.com,tex-mixconcrete.com,Building Materials,active,125,75000000,"TEX MIX PARTNERS LTD is a mining & metals company based out of PO BOX 830, LEANDER, Texas, United States.",,+1 (512)-759-1438,https://www.linkedin.com/company/tex-mix-partners-ltd,"9210 East Fm Road 1431, Leander, TX 78641, United States",Leander,Texas,78641,United States,,,,,"[{""city"":""Leander"",""type"":""headquarters"",""state"":""Texas"",""address"":""9210 East Fm Road 1431, Leander, TX 78641, United States"",""country"":""United States"",""isPrimary"":true}]",l.patterson@nodalpoint.io,,2026-04-27T18:12:57.00035+00:00,2026-06-09T17:36:32.921829+00:00,"{""sqft"":"""",""meters"":[{""id"":""027550c1-6c3b-4423-89c2-f35dbaa6f451"",""rate"":"""",""esiId"":"""",""address"":""9210 East Fm Road 1431, Leander, TX 78641, United States"",""endDate"":""""}],""country"":""United States"",""ownerId"":""l.patterson@nodalpoint.io"",""enriched"":false,""occupancy"":"""",""postal_code"":""78641"",""import_batch"":""2026-04-27T18:18:57.038Z"",""headcount_max"":125,""headcount_min"":125,""headcount_raw"":""125"",""import_source"":""bulk_import_contact"",""annual_revenue"":""75000000"",""headcount_label"":""125"",""headcount_source"":""bulk_import_contact"",""source_company_fields"":{""sic_code"":""3273"",""naics_code"":""21"",""company_city"":""Leander"",""company_state"":""Texas"",""company_country"":""United States"",""company_phone_1"":""512.759.1438"",""company_industry"":""Building Materials"",""company_location"":""9210 East Fm Road 1431, Leander, TX 78641, United States"",""company_post_code"":""78641"",""company_state_abbr"":""TX"",""company_description"":""TEX MIX PARTNERS LTD is a mining & metals company based out of PO BOX 830, LEANDER, Texas, United States."",""company_staff_count"":""125"",""company_founded_date"":""2005"",""company_name_cleaned"":""TEX MIX Partners Ltd."",""company_revenue_range"":""$50M - $100M"",""company_annual_revenue"":""75000000"",""company_li_profile_url"":""https://www.linkedin.com/company/tex-mix-partners-ltd"",""company_website_domain"":""tex-mixconcrete.com"",""company_country_alpha_2"":""US"",""company_country_alpha_3"":""USA"",""company_country_numeric"":""840"",""company_staff_count_range"":""51 - 200 employees""}}",,,,,,,,,,,,idle,
3ac7785a-8378-49c4-aca9-69ac679e1473,Tex-Trude,tex-trude.com,tex-trude.com,Plastics,active,125,300000000,"Tex-Trude is a plastics company based out of 2001 Sheldon Rd, Channelview, TX, United States.",,+1 (281)-452-5961,https://www.linkedin.com/company/tex-trude,"2001 Sheldon Rd, Channelview, TX 77530, United States",Channelview,Texas,77530,United States,,,,,"[{""city"":""Channelview"",""type"":""headquarters"",""state"":""Texas"",""address"":""2001 Sheldon Rd, Channelview, TX 77530, United States"",""country"":""United States"",""isPrimary"":true}]",l.patterson@nodalpoint.io,,2026-04-27T18:20:26.925806+00:00,2026-06-09T17:36:32.921829+00:00,"{""sqft"":"""",""meters"":[{""id"":""dc8286ad-6918-4ff7-8234-353382794d34"",""rate"":"""",""esiId"":"""",""address"":""2001 Sheldon Rd, Channelview, TX 77530, United States"",""endDate"":""""}],""country"":""United States"",""ownerId"":""l.patterson@nodalpoint.io"",""enriched"":false,""occupancy"":"""",""postal_code"":""77530"",""import_batch"":""2026-04-27T18:25:03.615Z"",""headcount_max"":125,""headcount_min"":125,""headcount_raw"":""125"",""import_source"":""bulk_import_contact"",""annual_revenue"":""300000000"",""headcount_label"":""125"",""headcount_source"":""bulk_import_contact"",""source_company_fields"":{""sic_code"":""3081"",""naics_code"":""23"",""company_city"":""Channelview"",""company_state"":""Texas"",""company_country"":""United States"",""company_phone_1"":""281.452.5961"",""company_industry"":""Plastics"",""company_location"":""2001 Sheldon Rd, Channelview, TX 77530, United States"",""company_post_code"":""77530"",""company_state_abbr"":""TX"",""company_description"":""Tex-Trude is a plastics company based out of 2001 Sheldon Rd, Channelview, TX, United States."",""company_staff_count"":""125"",""company_founded_date"":""1951"",""company_name_cleaned"":""Tex-Trude"",""company_revenue_range"":""$100M - $500M"",""company_annual_revenue"":""300000000"",""company_li_profile_url"":""https://www.linkedin.com/company/tex-trude"",""company_website_domain"":""tex-trude.com"",""company_country_alpha_2"":""US"",""company_country_alpha_3"":""USA"",""company_country_numeric"":""840"",""company_staff_count_range"":""51 - 200 employees""}}",,,,,,,,,,,,idle,
e9e08529-e63b-4112-8469-cedfc14de1b0,Texas Pipe & Supply,texaspipe.com,texaspipe.com,Mining & Metals,active,350,750000000,"Texas Pipe and Supply is a leading distributor of Carbon Pipe, Carbon Fittings and Flanges, Stainless Pipe and Stainless Fittings and Flanges.  Our leading position is a result of maintaining substantial inventories and the highest service level standards in the industry enabling our customers to enjoy the benefits of high productivity and industry leading inventory management. Headquartered in Houston Texas, Texas Pipe operates ten stocking locations strategically located across the United States.",,+1 (800)-233-8736,https://www.linkedin.com/company/texaspipe,"2330 Holmes Road, Houston, TX 77051, United States",Houston,Texas,77051,United States,,,,,"[{""city"":""Houston"",""type"":""headquarters"",""state"":""Texas"",""address"":""2330 Holmes Road, Houston, TX 77051, United States"",""country"":""United States"",""isPrimary"":true}]",l.patterson@nodalpoint.io,,2026-04-27T18:26:52.379271+00:00,2026-06-09T17:36:32.921829+00:00,"{""sqft"":"""",""meters"":[{""id"":""a63edefc-e194-4ef3-abd7-e9f525255e28"",""rate"":"""",""esiId"":"""",""address"":""2330 Holmes Road, Houston, TX 77051, United States"",""endDate"":""""}],""country"":""United States"",""ownerId"":""l.patterson@nodalpoint.io"",""enriched"":false,""occupancy"":"""",""postal_code"":""77051"",""import_batch"":""2026-04-27T18:26:51.663Z"",""headcount_max"":350,""headcount_min"":350,""headcount_raw"":""350"",""import_source"":""bulk_import_contact"",""annual_revenue"":""750000000"",""headcount_label"":""350"",""headcount_source"":""bulk_import_contact"",""source_company_fields"":{""sic_code"":""5051"",""naics_code"":""211"",""company_city"":""Houston"",""company_state"":""Texas"",""company_country"":""United States"",""company_phone_1"":""800.233.8736"",""company_industry"":""Mining & Metals"",""company_location"":""2330 Holmes Road, Houston, TX 77051, United States"",""company_post_code"":""77051"",""company_state_abbr"":""TX"",""company_description"":""Texas Pipe and Supply is a leading distributor of Carbon Pipe, Carbon Fittings and Flanges, Stainless Pipe and Stainless Fittings and Flanges. \nOur leading position is a result of maintaining substantial inventories and the highest service level standards in the industry enabling our customers to enjoy the benefits of high productivity and industry leading inventory management.\nHeadquartered in Houston Texas, Texas Pipe operates ten stocking locations strategically located across the United States."",""company_staff_count"":""350"",""company_founded_date"":""1918"",""company_name_cleaned"":""Texas Pipe & Supply"",""company_revenue_range"":""$500M - $1B"",""company_annual_revenue"":""750000000"",""company_li_profile_url"":""https://www.linkedin.com/company/texaspipe"",""company_website_domain"":""texaspipe.com"",""company_country_alpha_2"":""US"",""company_country_alpha_3"":""USA"",""company_country_numeric"":""840"",""company_staff_count_range"":""201 - 500 employees""}}",,,,,,,,,,,,idle,
c88fe0cd-7056-4753-b5ca-b5c20e1219de,Thomas Instrument,thomasinstrument.com,thomasinstrument.com,Aviation & Aerospace,active,350,75000000,"Thomas Instrument is an engineering and manufacturing firm of flight critical precision machined components and complex fabrications for the US DOD and Commercial Aerospace.  Thomas Instrument has more than 30 years of experience in all phases of support for mature military flight hardware. We have the staff, equipment, experience, and facilities to perform turnkey design, development, testing, and repair and overhaul services on the most demanding aircraft products.",,+1 (281)-375-6300,https://www.linkedin.com/company/thomas-instrument,"999 Po Box, Brookshire, TX 77423, United States",Brookshire,Texas,77423,United States,,,,,"[{""city"":""Brookshire"",""type"":""headquarters"",""state"":""Texas"",""address"":""999 Po Box, Brookshire, TX 77423, United States"",""country"":""United States"",""isPrimary"":true}]",l.patterson@nodalpoint.io,,2026-04-27T18:27:42.485498+00:00,2026-06-09T17:36:32.921829+00:00,"{""sqft"":"""",""meters"":[{""id"":""18556363-c6d5-40d0-8344-ac96e415cee5"",""rate"":"""",""esiId"":"""",""address"":""999 Po Box, Brookshire, TX 77423, United States"",""endDate"":""""}],""country"":""United States"",""ownerId"":""l.patterson@nodalpoint.io"",""enriched"":false,""occupancy"":"""",""postal_code"":""77423"",""import_batch"":""2026-04-27T18:27:42.008Z"",""headcount_max"":350,""headcount_min"":350,""headcount_raw"":""350"",""import_source"":""bulk_import_contact"",""annual_revenue"":""75000000"",""headcount_label"":""350"",""headcount_source"":""bulk_import_contact"",""source_company_fields"":{""sic_code"":""7699"",""naics_code"":""3364"",""company_city"":""Brookshire"",""company_state"":""Texas"",""company_country"":""United States"",""company_phone_1"":""281.375.6300"",""company_industry"":""Aviation & Aerospace"",""company_location"":""999 Po Box, Brookshire, TX 77423, United States"",""company_post_code"":""77423"",""company_state_abbr"":""TX"",""company_description"":""Thomas Instrument is an engineering and manufacturing firm of flight critical precision machined components and complex fabrications for the US DOD and Commercial Aerospace.\r\n\r\nThomas Instrument has more than 30 years of experience in all phases of support for mature military flight hardware. We have the staff, equipment, experience, and facilities to perform turnkey design, development, testing, and repair and overhaul services on the most demanding aircraft products."",""company_staff_count"":""350"",""company_founded_date"":""1954"",""company_name_cleaned"":""Thomas Instrument"",""company_revenue_range"":""$50M - $100M"",""company_annual_revenue"":""75000000"",""company_li_profile_url"":""https://www.linkedin.com/company/thomas-instrument"",""company_website_domain"":""thomasinstrument.com"",""company_country_alpha_2"":""US"",""company_country_alpha_3"":""USA"",""company_country_numeric"":""840"",""company_staff_count_range"":""201 - 500 employees""}}",,,,,,,,,,,,idle,
671e90c2-17a1-4a04-8b19-4fb11c190efa,Three Oaks Hospice,threeoakshospice.com,threeoakshospice.com,Hospital & Health Care,active,350,17000000,"Three Oaks Hospice focuses on care, dignity and comfort rather than curing. We listen, care and serve to deliver comprehensive care tailored to the wishes and needs of patients and their families. Pain and symptom management with emotional and spiritual is provided to patients and their loved ones. Services are available to patients with life limiting illnesses of any race, religion, or age.",,+1 (214)-850-6210,https://www.linkedin.com/company/threeoakshospice,"717 North Harwood Street, Dallas, TX 75201, United States",Dallas,Texas,75201,United States,,,,,"[{""city"":""Dallas"",""type"":""headquarters"",""state"":""Texas"",""address"":""717 North Harwood Street, Dallas, TX 75201, United States"",""country"":""United States"",""isPrimary"":true}]",l.patterson@nodalpoint.io,,2026-04-27T18:01:51.27886+00:00,2026-06-09T17:36:32.921829+00:00,"{""sqft"":"""",""meters"":[{""id"":""5278f526-ba36-41b4-9827-af124d8ea888"",""rate"":"""",""esiId"":"""",""address"":""717 North Harwood Street, Dallas, TX 75201, United States"",""endDate"":""""}],""country"":""United States"",""ownerId"":""l.patterson@nodalpoint.io"",""enriched"":false,""occupancy"":"""",""postal_code"":""75201"",""import_batch"":""2026-04-27T18:27:18.424Z"",""headcount_max"":350,""headcount_min"":350,""headcount_raw"":""350"",""import_source"":""bulk_import_contact"",""annual_revenue"":""17000000"",""headcount_label"":""350"",""headcount_source"":""bulk_import_contact"",""source_company_fields"":{""sic_code"":""8361"",""naics_code"":""62"",""company_city"":""Dallas"",""company_state"":""Texas"",""company_country"":""United States"",""company_phone_1"":""214.850.6210"",""company_industry"":""Hospital & Health Care"",""company_location"":""717 North Harwood Street, Dallas, TX 75201, United States"",""company_post_code"":""75201"",""company_state_abbr"":""TX"",""company_description"":""Three Oaks Hospice focuses on care, dignity and comfort rather than curing. We listen, care and serve to deliver comprehensive care tailored to the wishes and needs of patients and their families. Pain and symptom management with emotional and spiritual is provided to patients and their loved ones. Services are available to patients with life limiting illnesses of any race, religion, or age."",""company_staff_count"":""350"",""company_founded_date"":""2019"",""company_name_cleaned"":""Three Oaks Hospice"",""company_revenue_range"":""$5M - $20M"",""company_annual_revenue"":""17000000"",""company_li_profile_url"":""https://www.linkedin.com/company/threeoakshospice"",""company_website_domain"":""threeoakshospice.com"",""company_country_alpha_2"":""US"",""company_country_alpha_3"":""USA"",""company_country_numeric"":""840"",""company_staff_count_range"":""201 - 500 employees""}}",,,,,,,,,,,,idle,
1c236744-6120-4447-a28b-80c7f4abad74,Tifco Industries,tifco.com,tifco.com,Logistics & Supply Chain,active,350,75000000,"TIFCO Industries, a trusted name in the industry, stands as a premier single-source stocking distributor of high-quality maintenance and repair operation (MRO) products since 1961. Through its innovative approach and commitment to customer satisfaction, TIFCO has been instrumental in providing substantial cost savings and optimizing inventory management for its diverse clientele. At TIFCO Industries, customers can access an extensive range of over 45,000 MRO products carefully selected for their quality and reliability including: •	Government and public utilities •	Manufacturing plants •	Oil and gas refining •	Exploration and transmission  •	Construction and contracting  •	Trucking and transportation •	Service industries •	Agricultural and wholesale food plants  •	Truck and automotive dealers  One of the hallmarks of TIFCO's service is its nationwide network of professional Service representatives. These highly trained specialists work closely with customers to implement a Vendor Managed Inventory (VMI) system. The VMI system is designed to ensure that customers have the right part, in the right place, at the right time. Through meticulous inventory monitoring and replenishment, TIFCO's VMI system optimizes stock levels, minimizes downtime, and reduces inventory carrying costs. This proactive approach eliminates the need for customers to maintain excessive stock levels. TIFCO Industries has solidified its position as a leading single-source stocking distributor of maintenance and repair products by consistently delivering unmatched value to its customers. Through its vast product range, cost-saving procurement strategies, innovative VMI system, and exceptional customer service, TIFCO enables businesses to optimize their maintenance and repair operations.",,+1 (281)-571-6000,https://www.linkedin.com/company/tifco-industries,"21400 Northwest Fwy, Cypress, TX 77429, United States",Cypress,Texas,77429,United States,,,,,"[{""city"":""Cypress"",""type"":""headquarters"",""state"":""Texas"",""address"":""21400 Northwest Fwy, Cypress, TX 77429, United States"",""country"":""United States"",""isPrimary"":true}]",l.patterson@nodalpoint.io,,2026-04-27T18:27:23.568812+00:00,2026-06-09T17:36:32.921829+00:00,"{""sqft"":"""",""meters"":[{""id"":""dad59aac-e9d0-4fdf-a402-6744e3818e61"",""rate"":"""",""esiId"":"""",""address"":""21400 Northwest Fwy, Cypress, TX 77429, United States"",""endDate"":""""}],""country"":""United States"",""ownerId"":""l.patterson@nodalpoint.io"",""enriched"":false,""occupancy"":"""",""postal_code"":""77429"",""import_batch"":""2026-04-27T18:27:21.802Z"",""headcount_max"":350,""headcount_min"":350,""headcount_raw"":""350"",""import_source"":""bulk_import_contact"",""annual_revenue"":""75000000"",""headcount_label"":""350"",""headcount_source"":""bulk_import_contact"",""source_company_fields"":{""sic_code"":""5085"",""naics_code"":""23"",""company_city"":""Cypress"",""company_state"":""Texas"",""company_country"":""United States"",""company_phone_1"":""281.571.6000"",""company_industry"":""Logistics & Supply Chain"",""company_location"":""21400 Northwest Fwy, Cypress, TX 77429, United States"",""company_post_code"":""77429"",""company_state_abbr"":""TX"",""company_description"":""TIFCO Industries, a trusted name in the industry, stands as a premier single-source stocking distributor of high-quality maintenance and repair operation (MRO) products since 1961. Through its innovative approach and commitment to customer satisfaction, TIFCO has been instrumental in providing substantial cost savings and optimizing inventory management for its diverse clientele.\nAt TIFCO Industries, customers can access an extensive range of over 45,000 MRO products carefully selected for their quality and reliability including:\n•\tGovernment and public utilities\n•\tManufacturing plants\n•\tOil and gas refining\n•\tExploration and transmission \n•\tConstruction and contracting \n•\tTrucking and transportation\n•\tService industries\n•\tAgricultural and wholesale food plants \n•\tTruck and automotive dealers \nOne of the hallmarks of TIFCO's service is its nationwide network of professional Service representatives. These highly trained specialists work closely with customers to implement a Vendor Managed Inventory (VMI) system. The VMI system is designed to ensure that customers have the right part, in the right place, at the right time. Through meticulous inventory monitoring and replenishment, TIFCO's VMI system optimizes stock levels, minimizes downtime, and reduces inventory carrying costs. This proactive approach eliminates the need for customers to maintain excessive stock levels.\nTIFCO Industries has solidified its position as a leading single-source stocking distributor of maintenance and repair products by consistently delivering unmatched value to its customers. Through its vast product range, cost-saving procurement strategies, innovative VMI system, and exceptional customer service, TIFCO enables businesses to optimize their maintenance and repair operations."",""company_staff_count"":""350"",""company_founded_date"":""1961"",""company_name_cleaned"":""Tifco Industries"",""company_revenue_range"":""$50M - $100M"",""company_annual_revenue"":""75000000"",""company_li_profile_url"":""https://www.linkedin.com/company/tifco-industries"",""company_website_domain"":""tifco.com"",""company_country_alpha_2"":""US"",""company_country_alpha_3"":""USA"",""company_country_numeric"":""840"",""company_staff_count_range"":""201 - 500 employees""}}",,,,,,,,,,,,idle,
ce307d38-a33f-4185-8376-8b91d8356883,Time Manufacturing Company Inc.,timemfg.com,timemfg.com,Machinery,active,350,300000000,"Time Manufacturing Company is a leading global manufacturer of vehicle-mounted aerial lifts, including bucket trucks, digger derricks, cable placers, truck bodies, buckets, and other specialty equipment for electric utility, telecommunications, bridge inspection, tree care, and other fleet-supported industries.   Established in 1965 in Clifton, Texas, the company is headquartered in Westlake, Texas, and maintains facilities throughout North America and Europe. Today, Time Manufacturing Company includes the following brands (and the regions in which they operate):   •	Versalift (US & EU) •	Ruthmann (US & EU) •	BrandFX (US) •	Aspen Aerials (US) •	France Elevateur (EU) •	Movex Lift (EU, Asia, Africa)   In 2021, Time Manufacturing Company was acquired by H.I.G. Capital, a global private equity and alternative asset management company. The acquisition has allowed Time Manufacturing to continue to strengthen its ability to support its growing base of infrastructure customers. Time Manufacturing Company employs more than 2,200 associates worldwide.",,+1 (800)-825-1085,https://www.linkedin.com/company/time-manufacturing-company-inc-,"7601 Imperial Drive, Waco, TX 76712, United States",Waco,Texas,76712,United States,,,,,"[{""city"":""Waco"",""type"":""headquarters"",""state"":""Texas"",""address"":""7601 Imperial Drive, Waco, TX 76712, United States"",""country"":""United States"",""isPrimary"":true}]",l.patterson@nodalpoint.io,,2026-04-27T18:00:33.950167+00:00,2026-06-09T17:36:32.921829+00:00,"{""sqft"":"""",""meters"":[{""id"":""7556a757-bdad-4119-b2a4-ca477f3e66bb"",""rate"":"""",""esiId"":"""",""address"":""7601 Imperial Drive, Waco, TX 76712, United States"",""endDate"":""""}],""country"":""United States"",""ownerId"":""l.patterson@nodalpoint.io"",""enriched"":false,""occupancy"":"""",""postal_code"":""76712"",""import_batch"":""2026-04-27T18:26:42.044Z"",""headcount_max"":350,""headcount_min"":350,""headcount_raw"":""350"",""import_source"":""bulk_import_contact"",""annual_revenue"":""300000000"",""headcount_label"":""350"",""headcount_source"":""bulk_import_contact"",""source_company_fields"":{""sic_code"":""3531"",""naics_code"":""3327"",""company_city"":""Waco"",""company_state"":""Texas"",""company_country"":""United States"",""company_phone_1"":""800.825.1085"",""company_industry"":""Machinery"",""company_location"":""7601 Imperial Drive, Waco, TX 76712, United States"",""company_post_code"":""76712"",""company_state_abbr"":""TX"",""company_description"":""Time Manufacturing Company is a leading global manufacturer of vehicle-mounted aerial lifts, including bucket trucks, digger derricks, cable placers, truck bodies, buckets, and other specialty equipment for electric utility, telecommunications, bridge inspection, tree care, and other fleet-supported industries.\n \nEstablished in 1965 in Clifton, Texas, the company is headquartered in Westlake, Texas, and maintains facilities throughout North America and Europe. Today, Time Manufacturing Company includes the following brands (and the regions in which they operate):\n \n•\tVersalift (US & EU)\n•\tRuthmann (US & EU)\n•\tBrandFX (US)\n•\tAspen Aerials (US)\n•\tFrance Elevateur (EU)\n•\tMovex Lift (EU, Asia, Africa)\n \nIn 2021, Time Manufacturing Company was acquired by H.I.G. Capital, a global private equity and alternative asset management company. The acquisition has allowed Time Manufacturing to continue to strengthen its ability to support its growing base of infrastructure customers.\nTime Manufacturing Company employs more than 2,200 associates worldwide."",""company_staff_count"":""350"",""company_founded_date"":""1965"",""company_name_cleaned"":""Time Manufacturing Company Inc."",""company_revenue_range"":""$100M - $500M"",""company_annual_revenue"":""300000000"",""company_li_profile_url"":""https://www.linkedin.com/company/time-manufacturing-company-inc-"",""company_website_domain"":""timemfg.com"",""company_country_alpha_2"":""US"",""company_country_alpha_3"":""USA"",""company_country_numeric"":""840"",""company_staff_count_range"":""201 - 500 employees""}}",,,,,,,,,,,,idle,
69ef1699-1d86-41a4-8e20-565c05c7f6da,Titans of CNC Machining,titansofcnc.com,titansofcnc.com,Machinery,active,350,17000000,"TITANS of CNC, Inc. stands at the forefront of the global manufacturing industry, redefining standards through innovation, education, and community empowerment. As a premier leader in CNC machining and advanced manufacturing, the team at TITANS of CNC has revolutionized the way machining is taught and understood, setting new benchmarks for excellence and accessibility. Founded by Global Manufacturing Leader Titan Gilroy, TITANS of CNC has transformed from a modest machine shop into an international phenomenon, recognized for its pioneering CNC Academies. Offering free, world-class education, the TITANS of CNC Academy has become the go-to resource for students, educators, and industry professionals across 190+ countries, delivering comprehensive training that bridges the gap between theory and hands-on application. Our commitment to pushing the boundaries of what's possible in manufacturing is matched only by our dedication to empowering the next generation of machinists. Through our state-of-the-art curriculum, real-world projects, and a vast library of engaging content, we equip individuals and companies with the skills and knowledge needed to excel in an ever-evolving industry. As a Power House on social media, TITANS of CNC reaches millions of followers, sharing innovative techniques, inspirational stories, and industry insights. Our dynamic content not only educates but has also fostered the largest global community of makers, driving a renaissance in manufacturing. Recognized with numerous awards and industry accolades, TITANS of CNC continues to lead the charge in modern manufacturing education. Our mission is clear: to elevate the standards of CNC machining, champion the resurgence of American manufacturing, and inspire a worldwide movement of innovation and excellence. Join us as we shape the future of manufacturing, one groundbreaking project at a time.",,+1 (818)-424-0037,https://www.linkedin.com/company/titansofcnc,"201 International Parkway, Flower Mound, TX 75022, United States",Flower Mound,Texas,75022,United States,,,,,"[{""city"":""Flower Mound"",""type"":""headquarters"",""state"":""Texas"",""address"":""201 International Parkway, Flower Mound, TX 75022, United States"",""country"":""United States"",""isPrimary"":true}]",l.patterson@nodalpoint.io,,2026-04-27T18:13:58.854963+00:00,2026-06-09T17:36:32.921829+00:00,"{""sqft"":"""",""meters"":[{""id"":""e5a17ef0-9760-4a62-b1f8-60aa0a9c6a4e"",""rate"":"""",""esiId"":"""",""address"":""201 International Parkway, Flower Mound, TX 75022, United States"",""endDate"":""""}],""country"":""United States"",""ownerId"":""l.patterson@nodalpoint.io"",""enriched"":false,""occupancy"":"""",""postal_code"":""75022"",""import_batch"":""2026-04-27T18:13:57.649Z"",""headcount_max"":350,""headcount_min"":350,""headcount_raw"":""350"",""import_source"":""bulk_import_contact"",""annual_revenue"":""17000000"",""headcount_label"":""350"",""headcount_source"":""bulk_import_contact"",""source_company_fields"":{""sic_code"":""3541"",""naics_code"":""3327"",""company_city"":""Flower Mound"",""company_state"":""Texas"",""company_country"":""United States"",""company_phone_1"":""818.424.0037"",""company_industry"":""Machinery"",""company_location"":""201 International Parkway, Flower Mound, TX 75022, United States"",""company_post_code"":""75022"",""company_state_abbr"":""TX"",""company_description"":""TITANS of CNC, Inc. stands at the forefront of the global manufacturing industry, redefining standards through innovation, education, and community empowerment. As a premier leader in CNC machining and advanced manufacturing, the team at TITANS of CNC has revolutionized the way machining is taught and understood, setting new benchmarks for excellence and accessibility.\nFounded by Global Manufacturing Leader Titan Gilroy, TITANS of CNC has transformed from a modest machine shop into an international phenomenon, recognized for its pioneering CNC Academies. Offering free, world-class education, the TITANS of CNC Academy has become the go-to resource for students, educators, and industry professionals across 190+ countries, delivering comprehensive training that bridges the gap between theory and hands-on application.\nOur commitment to pushing the boundaries of what's possible in manufacturing is matched only by our dedication to empowering the next generation of machinists. Through our state-of-the-art curriculum, real-world projects, and a vast library of engaging content, we equip individuals and companies with the skills and knowledge needed to excel in an ever-evolving industry.\nAs a Power House on social media, TITANS of CNC reaches millions of followers, sharing innovative techniques, inspirational stories, and industry insights. Our dynamic content not only educates but has also fostered the largest global community of makers, driving a renaissance in manufacturing.\nRecognized with numerous awards and industry accolades, TITANS of CNC continues to lead the charge in modern manufacturing education. Our mission is clear: to elevate the standards of CNC machining, champion the resurgence of American manufacturing, and inspire a worldwide movement of innovation and excellence.\nJoin us as we shape the future of manufacturing, one groundbreaking project at a time."",""company_staff_count"":""350"",""company_founded_date"":""2005"",""company_name_cleaned"":""Titans of CNC Machining"",""company_revenue_range"":""$5M - $20M"",""company_annual_revenue"":""17000000"",""company_li_profile_url"":""https://www.linkedin.com/company/titansofcnc"",""company_website_domain"":""titansofcnc.com"",""company_country_alpha_2"":""US"",""company_country_alpha_3"":""USA"",""company_country_numeric"":""840"",""company_staff_count_range"":""201 - 500 employees""}}",,,,,,,,,,,,idle,
00b40b13-3faf-4d94-a177-19a8c88b15c8,TransSolutions,transsolutions.com,transsolutions.com,Airlines & Aviation,active,125,17000000,"TransSolutions works with architectural/engineering firms, transportation planning firms, airport authorities, airlines, and governmental entities to develop feasible, cost-effective designs and operational policies for transportation facilities.  Our consulting services combine an interdisciplinary approach with leading-edge technology to provide our clients with better decision-making information, thus allowing them to improve operational efficiency, forecast infrastructure requirements, enhance the level of customer service, and reduce costs.    Our understanding of airport planning and airline operating policies makes us uniquely qualified to collaborate successfully with architects/engineers, planners, and operations staff.  Computer simulation and statistical analyses are used to assess the levels of customer service for proposed airport system design or operation plans.  Our analyses also include animations that provide a computer-generated, moving picture of the system in operation.  Graphical user interfaces can be added to the modeling tools to allow planners to evaluate a variety of scenarios and to determine the impact of changes in procedures or demand.   TransSolutions, based in Fort Worth, Texas, is a women-owned business and is certified as a Disadvantaged Business Enterprise by the North Central Texas Regional Certification Agency (NCTRCA) as well as other certification agencies around the country.  The firm has completed hundreds of analyses for airport authorities, airlines, and civil aviation administrations, successfully evaluating transportation infrastructure projects at 49 of the 50 largest airports in the North America.",,+1 (817)-359-2950,https://www.linkedin.com/company/transsolutions,"14600 Trinity Boulevard, Fort Worth, TX 76155, United States",Fort Worth,Texas,76155,United States,,,,,"[{""city"":""Fort Worth"",""type"":""headquarters"",""state"":""Texas"",""address"":""14600 Trinity Boulevard, Fort Worth, TX 76155, United States"",""country"":""United States"",""isPrimary"":true}]",l.patterson@nodalpoint.io,,2026-04-27T18:17:52.178917+00:00,2026-06-09T17:36:32.921829+00:00,"{""sqft"":"""",""meters"":[{""id"":""11f3f1c8-23fc-4bf6-a00e-d8a643722209"",""rate"":"""",""esiId"":"""",""address"":""14600 Trinity Boulevard, Fort Worth, TX 76155, United States"",""endDate"":""""}],""country"":""United States"",""ownerId"":""l.patterson@nodalpoint.io"",""enriched"":false,""occupancy"":"""",""postal_code"":""76155"",""import_batch"":""2026-04-27T18:22:40.291Z"",""headcount_max"":125,""headcount_min"":125,""headcount_raw"":""125"",""import_source"":""bulk_import_contact"",""annual_revenue"":""17000000"",""headcount_label"":""125"",""headcount_source"":""bulk_import_contact"",""source_company_fields"":{""sic_code"":""8748"",""naics_code"":""481"",""company_city"":""Fort Worth"",""company_state"":""Texas"",""company_country"":""United States"",""company_phone_1"":""817.359.2950"",""company_industry"":""Airlines & Aviation"",""company_location"":""14600 Trinity Boulevard, Fort Worth, TX 76155, United States"",""company_post_code"":""76155"",""company_state_abbr"":""TX"",""company_description"":""TransSolutions works with architectural/engineering firms, transportation planning firms, airport authorities, airlines, and governmental entities to develop feasible, cost-effective designs and operational policies for transportation facilities.  Our consulting services combine an interdisciplinary approach with leading-edge technology to provide our clients with better decision-making information, thus allowing them to improve operational efficiency, forecast infrastructure requirements, enhance the level of customer service, and reduce costs.  \r\n\r\nOur understanding of airport planning and airline operating policies makes us uniquely qualified to collaborate successfully with architects/engineers, planners, and operations staff.\r\n\r\nComputer simulation and statistical analyses are used to assess the levels of customer service for proposed airport system design or operation plans.  Our analyses also include animations that provide a computer-generated, moving picture of the system in operation.  Graphical user interfaces can be added to the modeling tools to allow planners to evaluate a variety of scenarios and to determine the impact of changes in procedures or demand. \r\n\r\nTransSolutions, based in Fort Worth, Texas, is a women-owned business and is certified as a Disadvantaged Business Enterprise by the North Central Texas Regional Certification Agency (NCTRCA) as well as other certification agencies around the country.  The firm has completed hundreds of analyses for airport authorities, airlines, and civil aviation administrations, successfully evaluating transportation infrastructure projects at 49 of the 50 largest airports in the North America."",""company_staff_count"":""125"",""company_founded_date"":""1998"",""company_name_cleaned"":""TransSolutions"",""company_revenue_range"":""$5M - $20M"",""company_annual_revenue"":""17000000"",""company_li_profile_url"":""https://www.linkedin.com/company/transsolutions"",""company_website_domain"":""transsolutions.com"",""company_country_alpha_2"":""US"",""company_country_alpha_3"":""USA"",""company_country_numeric"":""840"",""company_staff_count_range"":""51 - 200 employees""}}",,,,,,,,,,,,idle,
27e5fa3d-9dc9-4c10-9601-2b428c991976,Trussworks LLC,trussworksllc.net,trussworksllc.net,Building Materials,active,125,75000000,"We design and build wood trusses for the construction industry.  In addition to standard wood floor trusses and wood roof trusses, we also supply Timber Trusses, Timber Products (posts and beams), Engineered Wood Products (posts and beams) and Simpson Construction Hardware.  Bring your building plans and specifications in to our office or access our website to email your drawings and we will give you a quote ASAP depending on the size of the project.  We supply individuals, general contractors and builders.",,+1 (979)-567-0400,https://www.linkedin.com/company/trussworks-llc,"1701 Southwest Parkway, College Station, TX 77840, United States",College Station,Texas,77840,United States,,,,,"[{""city"":""College Station"",""type"":""headquarters"",""state"":""Texas"",""address"":""1701 Southwest Parkway, College Station, TX 77840, United States"",""country"":""United States"",""isPrimary"":true}]",l.patterson@nodalpoint.io,,2026-04-27T18:11:23.461941+00:00,2026-06-09T17:36:32.921829+00:00,"{""sqft"":"""",""meters"":[{""id"":""6fff789d-7ab7-4405-9b61-2116e54745db"",""rate"":"""",""esiId"":"""",""address"":""1701 Southwest Parkway, College Station, TX 77840, United States"",""endDate"":""""}],""country"":""United States"",""ownerId"":""l.patterson@nodalpoint.io"",""enriched"":false,""occupancy"":"""",""postal_code"":""77840"",""import_batch"":""2026-04-27T18:11:46.296Z"",""headcount_max"":125,""headcount_min"":125,""headcount_raw"":""125"",""import_source"":""bulk_import_contact"",""annual_revenue"":""75000000"",""headcount_label"":""125"",""headcount_source"":""bulk_import_contact"",""source_company_fields"":{""sic_code"":""3999"",""naics_code"":""23"",""company_city"":""College Station"",""company_state"":""Texas"",""company_country"":""United States"",""company_phone_1"":""979.567.0400"",""company_industry"":""Building Materials"",""company_location"":""1701 Southwest Parkway, College Station, TX 77840, United States"",""company_post_code"":""77840"",""company_state_abbr"":""TX"",""company_description"":""We design and build wood trusses for the construction industry.  In addition to standard wood floor trusses and wood roof trusses, we also supply Timber Trusses, Timber Products (posts and beams), Engineered Wood Products (posts and beams) and Simpson Construction Hardware.  Bring your building plans and specifications in to our office or access our website to email your drawings and we will give you a quote ASAP depending on the size of the project.  We supply individuals, general contractors and builders."",""company_staff_count"":""125"",""company_founded_date"":""2007"",""company_name_cleaned"":""Trussworks LLC"",""company_revenue_range"":""$50M - $100M"",""company_annual_revenue"":""75000000"",""company_li_profile_url"":""https://www.linkedin.com/company/trussworks-llc"",""company_website_domain"":""trussworksllc.net"",""company_country_alpha_2"":""US"",""company_country_alpha_3"":""USA"",""company_country_numeric"":""840"",""company_staff_count_range"":""51 - 200 employees""}}",,,,,,,,,,,,idle,
b3d7d025-96d8-46b6-8db4-0825c538adc6,Tyler Pipe and Coupling,tylerpipe.com,tylerpipe.com,Building Materials,active,125,75000000,"Tyler Pipe and Coupling is a manufacturer of cast iron soil pipe and fittings used primarily in commercial construction DWV plumbing systems.  📍 Tyler Pipe is located in Tyler, Texas and Tyler Couplings in Marshfield, Missouri To learn more about Tyler Pipe visit our website: http://www.tylerpipe.com and follow along on our socials!",,+1 (205)-414-3100,https://www.linkedin.com/company/tylerpipe,"11910 County Road 492, Tyler, TX 75706, United States",Tyler,Texas,75706,United States,,,,,"[{""city"":""Tyler"",""type"":""headquarters"",""state"":""Texas"",""address"":""11910 County Road 492, Tyler, TX 75706, United States"",""country"":""United States"",""isPrimary"":true}]",l.patterson@nodalpoint.io,,2026-04-27T17:59:57.477619+00:00,2026-06-09T17:36:32.921829+00:00,"{""sqft"":"""",""meters"":[{""id"":""1e023d9a-85e4-43ef-8ac3-1f3bf7c5435b"",""rate"":"""",""esiId"":"""",""address"":""11910 County Road 492, Tyler, TX 75706, United States"",""endDate"":""""}],""country"":""United States"",""ownerId"":""l.patterson@nodalpoint.io"",""enriched"":false,""occupancy"":"""",""postal_code"":""75706"",""import_batch"":""2026-04-27T18:02:21.050Z"",""headcount_max"":125,""headcount_min"":125,""headcount_raw"":""125"",""import_source"":""bulk_import_contact"",""annual_revenue"":""75000000"",""headcount_label"":""125"",""headcount_source"":""bulk_import_contact"",""source_company_fields"":{""sic_code"":""3498"",""naics_code"":""32412"",""company_city"":""Tyler"",""company_state"":""Texas"",""company_country"":""United States"",""company_phone_1"":""205.414.3100"",""company_industry"":""Building Materials"",""company_location"":""11910 County Road 492, Tyler, TX 75706, United States"",""company_post_code"":""75706"",""company_state_abbr"":""TX"",""company_description"":""Tyler Pipe and Coupling is a manufacturer of cast iron soil pipe and fittings used primarily in commercial construction DWV plumbing systems. \n📍 Tyler Pipe is located in Tyler, Texas and Tyler Couplings in Marshfield, Missouri\nTo learn more about Tyler Pipe visit our website: http://www.tylerpipe.com and follow along on our socials!"",""company_staff_count"":""125"",""company_founded_date"":""1936"",""company_name_cleaned"":""Tyler Pipe and Coupling"",""company_revenue_range"":""$50M - $100M"",""company_annual_revenue"":""75000000"",""company_li_profile_url"":""https://www.linkedin.com/company/tylerpipe"",""company_website_domain"":""tylerpipe.com"",""company_country_alpha_2"":""US"",""company_country_alpha_3"":""USA"",""company_country_numeric"":""840"",""company_staff_count_range"":""51 - 200 employees""}}",,,,,,,,,,,,idle,
f7172c6c-77a5-4570-8a09-b5d4017b7120,Viacore Solutions,viacore.com,viacore.com,Mining & Metals,active,350,300000000,Formerly All-State Belting (US) & Belterra (CA). #ViacoreSolutions,,+1 (844)-566-2358,https://www.linkedin.com/company/viacore-solutions,"1400 Lakeway Drive, Lewisville, TX 75057, United States",Lewisville,Texas,75057,United States,,,,,"[{""city"":""Lewisville"",""type"":""headquarters"",""state"":""Texas"",""address"":""1400 Lakeway Drive, Lewisville, TX 75057, United States"",""country"":""United States"",""isPrimary"":true}]",l.patterson@nodalpoint.io,,2026-04-27T18:05:05.873223+00:00,2026-06-09T17:36:32.921829+00:00,"{""sqft"":"""",""meters"":[{""id"":""ca263bce-4e08-41a8-b3b1-cd3283b553a1"",""rate"":"""",""esiId"":"""",""address"":""1400 Lakeway Drive, Lewisville, TX 75057, United States"",""endDate"":""""}],""country"":""United States"",""ownerId"":""l.patterson@nodalpoint.io"",""enriched"":false,""occupancy"":"""",""postal_code"":""75057"",""import_batch"":""2026-04-27T18:05:04.126Z"",""headcount_max"":350,""headcount_min"":350,""headcount_raw"":""350"",""import_source"":""bulk_import_contact"",""annual_revenue"":""300000000"",""headcount_label"":""350"",""headcount_source"":""bulk_import_contact"",""source_company_fields"":{""sic_code"":""3535"",""naics_code"":""21"",""company_city"":""Lewisville"",""company_state"":""Texas"",""company_country"":""United States"",""company_phone_1"":""844.566.2358"",""company_industry"":""Mining & Metals"",""company_location"":""1400 Lakeway Drive, Lewisville, TX 75057, United States"",""company_post_code"":""75057"",""company_state_abbr"":""TX"",""company_description"":""Formerly All-State Belting (US) & Belterra (CA).\n#ViacoreSolutions"",""company_staff_count"":""350"",""company_founded_date"":""1969"",""company_name_cleaned"":""Viacore Solutions"",""company_revenue_range"":""$100M - $500M"",""company_annual_revenue"":""300000000"",""company_li_profile_url"":""https://www.linkedin.com/company/viacore-solutions"",""company_website_domain"":""viacore.com"",""company_country_alpha_2"":""US"",""company_country_alpha_3"":""USA"",""company_country_numeric"":""840"",""company_staff_count_range"":""201 - 500 employees""}}",,,,,,,,,,,,idle,
87491b5b-30ea-48d6-ac85-ea24e81ff6a6,Vinson Process Controls,vinsonprocess.com,vinsonprocess.com,Machinery,active,350,75000000,"Vinson Process Controls is the leading provider for industrial automation solutions for Oil and Gas, Chemical and Petro-Chemical, Pulp and Paper, Power Generation, Refining and various other industries. We are your Emerson Impact Partner for Emerson Automation Solutions serving the Southwest region, including: North, East and West Texas, Oklahoma, Western Arkansas, New Mexico and the Four Corners Region. Our mission is to unlock your industrial facility's full potential by delivering enhanced performance through automation technology. Our expertise spans many different end user applications involving Process Control and Safety Systems, Remote Automation Solutions and SCADA, Control Valves and Regulators, Isolation and Safety Valves, among many others. Vinson was founded in 1937, and was started as a small company focused on supplying Fisher Control Valves. While we've come a long way since then, our strong commitment to world-class customer service has never wavered.  We continue to be passionate about closely collaborating with our customers to truly understand how to solve business challenges and improve their operations.",,+1 (972)-459-8200,https://www.linkedin.com/company/vinson-process-controls,"2747 Highpoint Oaks Dr, Lewisville, TX 75067, United States",Lewisville,Texas,75067,United States,,,,,"[{""city"":""Lewisville"",""type"":""headquarters"",""state"":""Texas"",""address"":""2747 Highpoint Oaks Dr, Lewisville, TX 75067, United States"",""country"":""United States"",""isPrimary"":true}]",l.patterson@nodalpoint.io,,2026-04-27T18:26:46.210262+00:00,2026-06-09T17:36:32.921829+00:00,"{""sqft"":"""",""meters"":[{""id"":""5806c0b6-6f95-499c-9087-74bfc93496b3"",""rate"":"""",""esiId"":"""",""address"":""2747 Highpoint Oaks Dr, Lewisville, TX 75067, United States"",""endDate"":""""}],""country"":""United States"",""ownerId"":""l.patterson@nodalpoint.io"",""enriched"":false,""occupancy"":"""",""postal_code"":""75067"",""import_batch"":""2026-04-27T18:26:44.937Z"",""headcount_max"":350,""headcount_min"":350,""headcount_raw"":""350"",""import_source"":""bulk_import_contact"",""annual_revenue"":""75000000"",""headcount_label"":""350"",""headcount_source"":""bulk_import_contact"",""source_company_fields"":{""sic_code"":""9999"",""naics_code"":""486"",""company_city"":""Lewisville"",""company_state"":""Texas"",""company_country"":""United States"",""company_phone_1"":""972.459.8200"",""company_industry"":""Machinery"",""company_location"":""2747 Highpoint Oaks Dr, Lewisville, TX 75067, United States"",""company_post_code"":""75067"",""company_state_abbr"":""TX"",""company_description"":""Vinson Process Controls is the leading provider for industrial automation solutions for Oil and Gas, Chemical and Petro-Chemical, Pulp and Paper, Power Generation, Refining and various other industries. We are your Emerson Impact Partner for Emerson Automation Solutions serving the Southwest region, including: North, East and West Texas, Oklahoma, Western Arkansas, New Mexico and the Four Corners Region.\nOur mission is to unlock your industrial facility's full potential by delivering enhanced performance through automation technology. Our expertise spans many different end user applications involving Process Control and Safety Systems, Remote Automation Solutions and SCADA, Control Valves and Regulators, Isolation and Safety Valves, among many others.\nVinson was founded in 1937, and was started as a small company focused on supplying Fisher Control Valves. While we've come a long way since then, our strong commitment to world-class customer service has never wavered.  We continue to be passionate about closely collaborating with our customers to truly understand how to solve business challenges and improve their operations."",""company_staff_count"":""350"",""company_founded_date"":""1937"",""company_name_cleaned"":""Vinson Process Controls"",""company_revenue_range"":""$50M - $100M"",""company_annual_revenue"":""75000000"",""company_li_profile_url"":""https://www.linkedin.com/company/vinson-process-controls"",""company_website_domain"":""vinsonprocess.com"",""company_country_alpha_2"":""US"",""company_country_alpha_3"":""USA"",""company_country_numeric"":""840"",""company_staff_count_range"":""201 - 500 employees""}}",,,,,,,,,,,,idle,
054a19c5-9fdd-4e06-a9fd-5bbb7d144310,Western Container Corporation,westerncontainercoke.com,westerncontainercoke.com,Plastics,active,350,75000000,"Western Container Corporation is a high performance company dedicated to being the premier manufacturer of PET containers for the Coca-Cola Bottling System. The company was established in 1979 by a group of Coca-Cola  bottlers who acted on the long-term need to offer a central distribution point and a reliable source of high quality low-cost plastic bottles. Since the Company's inception, Western Container Corporation has made a primary commitment to maintain its position on the cutting edge of technological advances and to achieve production volumes sufficient to ensure stability of supplies of raw materials.  Of primary importance is the Company's commitment to maintaining close ties and collaborations with equipment manufacturers.  This commitment has resulted in Western Container leadership during industry advances in both blow molding and injection technology with Western Container maintaining highly efficient plants that employ state-of-the art technology.  Additionally, the Company strives to enhance shareholder value by ensuring a dependable source of high quality, low cost plastic bottles.  It is this history that allows us to meet the challenges we face today with optimism for a bright future. Above all, Western Container Corporation continues to build on its commitment to our culture which includes excellence and steadfastly confirming the Company philosophy to strive forward guaranteeing the best quality and service at the least cost and providing a continuing assurance of supply. Western Container Corporation is 100% owned by Coca-Cola bottlers.",https://zenprospect-production.s3.amazonaws.com/uploads/pictures/6884d2dbb9ddb8000153c158/picture,+1 (770)-598-8638,https://www.linkedin.com/company/western-container-corporation,"2277 Plaza Dr Suite 270, Sugar Land, TX 77479, United States",Sugar Land,Texas,77479,United States,,0,,,"[{""city"":""Sugar Land"",""type"":""headquarters"",""state"":""Texas"",""address"":""2277 Plaza Dr Suite 270, Sugar Land, TX 77479, United States"",""country"":""United States"",""isPrimary"":true}]",l.patterson@nodalpoint.io,,2026-03-16T14:52:05.401+00:00,2026-06-09T17:36:32.921829+00:00,"{""mills"":"""",""meters"":[{""id"":""6bbabfb5-5080-409a-9ce4-cf037e617d94"",""rate"":"""",""esiId"":"""",""address"":""2150 Town Square Place, 5th Floor, Sugar Land, TX 77479, US"",""endDate"":""""}],""source"":""prospect_radar"",""country"":""United States"",""ownerId"":""l.patterson@nodalpoint.io"",""postal_code"":""77479"",""import_batch"":""2026-04-27T18:26:54.093Z"",""apollo_org_id"":""55920bee73696419128a3800"",""headcount_max"":350,""headcount_min"":350,""headcount_raw"":""350"",""import_source"":""bulk_import_contact"",""annual_revenue"":""75000000"",""apollo_raw_data"":{""id"":""55920bee73696419128a3800"",""zip"":""77479"",""city"":""Sugar Land"",""name"":""Western Container Corporation"",""state"":""Texas"",""domain"":""westerncontainercoke.com"",""address"":""2150 Town Square Place, 5th Floor, Sugar Land, TX 77479, US"",""country"":""United States"",""logoUrl"":""https://zenprospect-production.s3.amazonaws.com/uploads/pictures/6884d2dbb9ddb8000153c158/picture"",""revenue"":""330M"",""website"":""http://www.westerncontainercoke.com"",""industry"":""plastics"",""linkedin"":""http://www.linkedin.com/company/western-container-corporation"",""location"":""Sugar Land, Texas, United States"",""employees"":""200-500"",""companyType"":""plastics"",""description"":""Western Container Corporation is a manufacturer specializing in PET (polyethylene terephthalate) containers, primarily serving the Coca-Cola Bottling System. Founded in 1979 by Coca-Cola bottlers, the company aims to provide a reliable source of high-quality, low-cost plastic bottles. Its first plant opened in Big Spring, Texas, in 1980, and the company has since expanded to several locations, including Texas, California, Mississippi, Arizona, and Washington.\n\nHeadquartered in Sugar Land, Texas, Western Container employs around 152-300 people and generates approximately $69.7 million in annual revenue. The company focuses on technological advancements in blow molding and injection molding, utilizing state-of-the-art equipment to ensure efficient production. Western Container is committed to sustainability, supporting the NAPCOR “Positively PET” campaign, which promotes the environmental benefits and recyclability of PET packaging."",""foundedYear"":1979,""companyPhone"":""+1 346-309-3238""},""headcount_label"":""350"",""headcount_source"":""bulk_import_contact"",""apollo_enriched_at"":""2026-03-16T14:52:28.580Z"",""source_company_fields"":{""sic_code"":""3085"",""naics_code"":""3117"",""company_city"":""Sugar Land"",""company_state"":""Texas"",""company_country"":""United States"",""company_phone_1"":""770.598.8638"",""company_industry"":""Plastics"",""company_location"":""2277 Plaza Dr Suite 270, Sugar Land, TX 77479, United States"",""company_post_code"":""77479"",""company_state_abbr"":""TX"",""company_description"":""Western Container Corporation is a high performance company dedicated to being the premier manufacturer of PET containers for the Coca-Cola Bottling System. The company was established in 1979 by a group of Coca-Cola  bottlers who acted on the long-term need to offer a central distribution point and a reliable source of high quality low-cost plastic bottles.\nSince the Company's inception, Western Container Corporation has made a primary commitment to maintain its position on the cutting edge of technological advances and to achieve production volumes sufficient to ensure stability of supplies of raw materials.  Of primary importance is the Company's commitment to maintaining close ties and collaborations with equipment manufacturers.  This commitment has resulted in Western Container leadership during industry advances in both blow molding and injection technology with Western Container maintaining highly efficient plants that employ state-of-the art technology.  Additionally, the Company strives to enhance shareholder value by ensuring a dependable source of high quality, low cost plastic bottles.  It is this history that allows us to meet the challenges we face today with optimism for a bright future.\nAbove all, Western Container Corporation continues to build on its commitment to our culture which includes excellence and steadfastly confirming the Company philosophy to strive forward guaranteeing the best quality and service at the least cost and providing a continuing assurance of supply.\nWestern Container Corporation is 100% owned by Coca-Cola bottlers."",""company_staff_count"":""350"",""company_founded_date"":""1979"",""company_name_cleaned"":""Western Container Corporation"",""company_revenue_range"":""$50M - $100M"",""company_annual_revenue"":""75000000"",""company_li_profile_url"":""https://www.linkedin.com/company/western-container-corporation"",""company_website_domain"":""westerncontainercoke.com"",""company_country_alpha_2"":""US"",""company_country_alpha_3"":""USA"",""company_country_numeric"":""840"",""company_staff_count_range"":""201 - 500 employees""},""headcount_backfilled_at"":""2026-04-26T21:53:57.277098+00:00""}",,29.596055,-95.622965,,,,,,,,,idle,
eafd86cf-7936-4f7e-bcac-27222c05ed87,Wilson Company,wilson-company.com,wilson-company.com,Wholesale,active,125,75000000,"Wilson Company was founded in 1965 and is family owned.  We are an innovative and solutions-oriented fluid power distributor and take great pride in the products and services we supply and build.  Providing exceptional customer service is one of our highest priorities and our entire organization is focused on the customer. We continually evaluate ways to improve all aspects of our business to ensure that we are meeting the needs and expectations of our customer.   Wilson Company has the capability to meet the most simplistic to the most demanding applications and our strength lies in our technical expertise. Including custom engineering and building electro-hydraulic systems, electrical controls, custom manifold assemblies, filter carts, hydraulic power units and pneumatic valve assemblies.",https://zenprospect-production.s3.amazonaws.com/uploads/pictures/6982dc9ed5272d0001dcda35/picture,+1 (817)-595-2244,https://www.linkedin.com/company/wilson-company,"16301 Addison Rd, Addison, TX 75001, United States",Addison,Texas,75001,United States,,,,,"[{""city"":""Addison"",""type"":""headquarters"",""state"":""Texas"",""address"":""16301 Addison Rd, Addison, TX 75001, United States"",""country"":""United States"",""isPrimary"":true}]",l.patterson@nodalpoint.io,,2026-02-19T20:49:59.947978+00:00,2026-06-09T17:36:32.921829+00:00,"{""city"":""Addison"",""state"":""Texas"",""meters"":[{""id"":""decda155-c771-4cf0-976a-978575543067"",""rate"":"""",""esiId"":"""",""address"":""16301 Addison Rd, Addison, Texas, United States, 75001"",""endDate"":""""}],""country"":""United States"",""ownerId"":""l.patterson@nodalpoint.io"",""enriched"":false,""postal_code"":""75001"",""import_batch"":""2026-04-27T18:13:34.518Z"",""linkedin_url"":""http://www.linkedin.com/company/wilson-company"",""headcount_max"":125,""headcount_min"":125,""headcount_raw"":""125"",""import_source"":""bulk_import_contact"",""annual_revenue"":""75000000"",""energy_supplier"":"""",""headcount_label"":""125"",""service_address"":""16301 Addison Rd, Addison, Texas, United States, 75001"",""headcount_source"":""bulk_import_contact"",""source_company_fields"":{""sic_code"":""5084"",""naics_code"":""42"",""company_city"":""Addison"",""company_state"":""Texas"",""company_country"":""United States"",""company_phone_1"":""817.595.2244"",""company_industry"":""Wholesale"",""company_location"":""16301 Addison Rd, Addison, TX 75001, United States"",""company_post_code"":""75001"",""company_state_abbr"":""TX"",""company_description"":""Wilson Company was founded in 1965 and is family owned.  We are an innovative and solutions-oriented fluid power distributor and take great pride in the products and services we supply and build.  Providing exceptional customer service is one of our highest priorities and our entire organization is focused on the customer. We continually evaluate ways to improve all aspects of our business to ensure that we are meeting the needs and expectations of our customer.   Wilson Company has the capability to meet the most simplistic to the most demanding applications and our strength lies in our technical expertise. Including custom engineering and building electro-hydraulic systems, electrical controls, custom manifold assemblies, filter carts, hydraulic power units and pneumatic valve assemblies."",""company_staff_count"":""125"",""company_founded_date"":""1965"",""company_name_cleaned"":""Wilson Company"",""company_revenue_range"":""$50M - $100M"",""company_annual_revenue"":""75000000"",""company_li_profile_url"":""https://www.linkedin.com/company/wilson-company"",""company_website_domain"":""wilson-company.com"",""company_country_alpha_2"":""US"",""company_country_alpha_3"":""USA"",""company_country_numeric"":""840"",""company_staff_count_range"":""51 - 200 employees""}}",,32.970939,-96.830802,,,,,,,,,idle,
077bde9b-d3cd-4ec5-95de-e62f9d88c9de,Winzer Corporation,winzer.com,winzer.com,Wholesale,active,350,75000000,"Our mission is to help customers succeed and associates thrive.  We do that by providing quality products, by offering comprehensive solutions, and by delivering unmatched service through our diverse team of over 250 franchises located across North America. If you think like we do, join us in providing service that works.",,+1 (214)-341-2122,https://www.linkedin.com/company/winzer-corporation,"4060 East Parkway, Plano, TX 75074, United States",Plano,Texas,75074,United States,,,,,"[{""city"":""Plano"",""type"":""headquarters"",""state"":""Texas"",""address"":""4060 East Parkway, Plano, TX 75074, United States"",""country"":""United States"",""isPrimary"":true}]",l.patterson@nodalpoint.io,,2026-04-27T18:04:58.497165+00:00,2026-06-09T17:36:32.921829+00:00,"{""sqft"":"""",""meters"":[{""id"":""e5d6401d-ad03-4a06-96a7-7f40fe5ab7ce"",""rate"":"""",""esiId"":"""",""address"":""4060 East Parkway, Plano, TX 75074, United States"",""endDate"":""""}],""country"":""United States"",""ownerId"":""l.patterson@nodalpoint.io"",""enriched"":false,""occupancy"":"""",""postal_code"":""75074"",""import_batch"":""2026-04-27T18:27:12.443Z"",""headcount_max"":350,""headcount_min"":350,""headcount_raw"":""350"",""import_source"":""bulk_import_contact"",""annual_revenue"":""75000000"",""headcount_label"":""350"",""headcount_source"":""bulk_import_contact"",""source_company_fields"":{""sic_code"":""5072"",""naics_code"":""42"",""company_city"":""Plano"",""company_state"":""Texas"",""company_country"":""United States"",""company_phone_1"":""214.341.2122"",""company_industry"":""Wholesale"",""company_location"":""4060 East Parkway, Plano, TX 75074, United States"",""company_post_code"":""75074"",""company_state_abbr"":""TX"",""company_description"":""Our mission is to help customers succeed and associates thrive.  We do that by providing quality products, by offering comprehensive solutions, and by delivering unmatched service through our diverse team of over 250 franchises located across North America. If you think like we do, join us in providing service that works."",""company_staff_count"":""350"",""company_founded_date"":""1978"",""company_name_cleaned"":""Winzer Corporation"",""company_revenue_range"":""$50M - $100M"",""company_annual_revenue"":""75000000"",""company_li_profile_url"":""https://www.linkedin.com/company/winzer-corporation"",""company_website_domain"":""winzer.com"",""company_country_alpha_2"":""US"",""company_country_alpha_3"":""USA"",""company_country_numeric"":""840"",""company_staff_count_range"":""201 - 500 employees""}}",,,,,,,,,,,,idle,
627d10f4-c022-4926-8cdd-bf1f77bfdb57,WMC,wmc-us.com,wmc-us.com,Mining & Metals,active,750,17000000,"At WMC, we are dedicated to reinforcing the world to build dreams. With eight advanced facilities across the U.S., we manufacture high-quality Steel Wire Products designed to create lasting infrastructure.  Safety is our top priority. We produce in-country products that meet industry standards, such as ASTM A-1064, while ensuring timely delivery and competitive pricing.  As a family-owned company, we value our people and the well-being of our team. Our modern facilities and commitment to efficiency allow us to deliver reliable, innovative solutions tailored to your needs.  At WMC, we believe that Together we are Stronger. We offer trusted solutions in Construction and Industrial Wire to build a stronger future.",,+1 (832)-791-5479,https://www.linkedin.com/company/wmc-wiremeshcorp,"25219 Kuykendahl Rd Suite 290, The Woodlands, TX 77375, United States",The Woodlands,Texas,77375,United States,,,,,"[{""city"":""The Woodlands"",""type"":""headquarters"",""state"":""Texas"",""address"":""25219 Kuykendahl Rd Suite 290, The Woodlands, TX 77375, United States"",""country"":""United States"",""isPrimary"":true}]",l.patterson@nodalpoint.io,,2026-04-27T18:23:54.107473+00:00,2026-06-09T17:36:32.921829+00:00,"{""sqft"":"""",""meters"":[{""id"":""95501634-c9f6-46e0-8eda-18630028867f"",""rate"":"""",""esiId"":"""",""address"":""25219 Kuykendahl Rd Suite 290, The Woodlands, TX 77375, United States"",""endDate"":""""}],""country"":""United States"",""ownerId"":""l.patterson@nodalpoint.io"",""enriched"":false,""occupancy"":"""",""postal_code"":""77375"",""import_batch"":""2026-04-27T18:24:05.708Z"",""headcount_max"":750,""headcount_min"":750,""headcount_raw"":""750"",""import_source"":""bulk_import_contact"",""annual_revenue"":""17000000"",""headcount_label"":""750"",""headcount_source"":""bulk_import_contact"",""source_company_fields"":{""sic_code"":""3496"",""naics_code"":""21"",""company_city"":""The Woodlands"",""company_state"":""Texas"",""company_country"":""United States"",""company_industry"":""Mining & Metals"",""company_location"":""25219 Kuykendahl Rd Suite 290, The Woodlands, TX 77375, United States"",""company_post_code"":""77375"",""company_state_abbr"":""TX"",""company_description"":""At WMC, we are dedicated to reinforcing the world to build dreams. With eight advanced facilities across the U.S., we manufacture high-quality Steel Wire Products designed to create lasting infrastructure. \nSafety is our top priority. We produce in-country products that meet industry standards, such as ASTM A-1064, while ensuring timely delivery and competitive pricing. \nAs a family-owned company, we value our people and the well-being of our team. Our modern facilities and commitment to efficiency allow us to deliver reliable, innovative solutions tailored to your needs. \nAt WMC, we believe that Together we are Stronger. We offer trusted solutions in Construction and Industrial Wire to build a stronger future."",""company_staff_count"":""750"",""company_founded_date"":""2003"",""company_name_cleaned"":""WMC"",""company_revenue_range"":""$5M - $20M"",""company_annual_revenue"":""17000000"",""company_li_profile_url"":""https://www.linkedin.com/company/wmc-wiremeshcorp"",""company_website_domain"":""wmc-us.com"",""company_country_alpha_2"":""US"",""company_country_alpha_3"":""USA"",""company_country_numeric"":""840"",""company_staff_count_range"":""501 - 1,000 employees""}}",,,,,,,,,,,,idle,
ff1722da-0b13-443a-9de7-96d3e9e933b8,Wooden Pallets Ltd.,woodenpalletsltd.com,woodenpalletsltd.com,Building Materials,active,350,75000000,"Wooden Pallets, LTD is a specialty pallet and skid manufacturer serving the Gulf Coast of Texas and Louisiana. With more than 30 years of experience in designing and building pallets and skids, our team of experts provide clients with solutions in packaging re-design to minimize costs without sacrificing quality.    We strive to earn our client’s trust by consistently supplying high quality pallets and skids. Prompt and dependable customer service, and quality assurance contribute to the value our clients have come to expect from Wooden Pallets.    Our employees are committed to implementing and maintaining the highest standards of quality to merit customer satisfaction. We aim for excellence in everything we do.",,+1 (409)-385-1234,https://www.linkedin.com/company/wooden-pallets-ltd,"3840 Henry Read Rd, Silsbee, TX 77656, United States",Silsbee,Texas,77656,United States,,,,,"[{""city"":""Silsbee"",""type"":""headquarters"",""state"":""Texas"",""address"":""3840 Henry Read Rd, Silsbee, TX 77656, United States"",""country"":""United States"",""isPrimary"":true}]",l.patterson@nodalpoint.io,,2026-04-27T18:19:36.805103+00:00,2026-06-09T17:36:32.921829+00:00,"{""sqft"":"""",""meters"":[{""id"":""5b1cbf0c-0346-47b5-b62b-4430f25834fb"",""rate"":"""",""esiId"":"""",""address"":""3840 Henry Read Rd, Silsbee, TX 77656, United States"",""endDate"":""""}],""country"":""United States"",""ownerId"":""l.patterson@nodalpoint.io"",""enriched"":false,""occupancy"":"""",""postal_code"":""77656"",""import_batch"":""2026-04-27T18:19:36.593Z"",""headcount_max"":350,""headcount_min"":350,""headcount_raw"":""350"",""import_source"":""bulk_import_contact"",""annual_revenue"":""75000000"",""headcount_label"":""350"",""headcount_source"":""bulk_import_contact"",""source_company_fields"":{""sic_code"":""2448"",""naics_code"":""4233"",""company_city"":""Silsbee"",""company_state"":""Texas"",""company_country"":""United States"",""company_phone_1"":""409.385.1234"",""company_industry"":""Building Materials"",""company_location"":""3840 Henry Read Rd, Silsbee, TX 77656, United States"",""company_post_code"":""77656"",""company_state_abbr"":""TX"",""company_description"":""Wooden Pallets, LTD is a specialty pallet and skid manufacturer serving the Gulf Coast of Texas and Louisiana. With more than 30 years of experience in designing and building pallets and skids, our team of experts provide clients with solutions in packaging re-design to minimize costs without sacrificing quality.\n   We strive to earn our client’s trust by consistently supplying high quality pallets and skids. Prompt and dependable customer service, and quality assurance contribute to the value our clients have come to expect from Wooden Pallets.\n   Our employees are committed to implementing and maintaining the highest standards of quality to merit customer satisfaction. We aim for excellence in everything we do."",""company_staff_count"":""350"",""company_founded_date"":""1983"",""company_name_cleaned"":""Wooden Pallets Ltd."",""company_revenue_range"":""$50M - $100M"",""company_annual_revenue"":""75000000"",""company_li_profile_url"":""https://www.linkedin.com/company/wooden-pallets-ltd"",""company_website_domain"":""woodenpalletsltd.com"",""company_country_alpha_2"":""US"",""company_country_alpha_3"":""USA"",""company_country_numeric"":""840"",""company_staff_count_range"":""201 - 500 employees""}}",,,,,,,,,,,,idle,
